residue_calcr,frequency_calcr,status_calcr
M,0.6666666666666666,NC
-,0.0,NC
-,0.0,NC
F,0.5190839694656488,NC
-,0.0,NC
-,0.0,NC
-,0.0,NC
-,0.0,NC
-,0.0,NC
-,0.0,NC
-,0.0,NC
-,0.0,NC
-,0.0,NC
-,0.0,NC
-,0.0,NC
-,0.0,NC
-,0.0,NC
-,0.0,NC
-,0.0,NC
-,0.0,NC
-,0.0,NC
-,0.0,NC
-,0.0,NC
-,0.0,NC
-,0.0,NC
-,0.0,NC
-,0.0,NC
-,0.0,NC
-,0.0,NC
-,0.0,NC
-,0.0,NC
-,0.0,NC
-,0.0,NC
-,0.0,NC
-,0.0,NC
-,0.0,NC
-,0.0,NC
-,0.0,NC
-,0.0,NC
-,0.0,NC
-,0.0,NC
-,0.0,NC
-,0.0,NC
-,0.0,NC
-,0.0,NC
-,0.0,NC
-,0.0,NC
-,0.0,NC
-,0.0,NC
-,0.0,NC
-,0.0,NC
-,0.0,NC
-,0.0,NC
-,0.0,NC
-,0.0,NC
-,0.0,NC
-,0.0,NC
-,0.0,NC
-,0.0,NC
-,0.0,NC
-,0.0,NC
-,0.0,NC
-,0.0,NC
-,0.0,NC
-,0.0,NC
-,0.0,NC
-,0.0,NC
-,0.0,NC
-,0.0,NC
-,0.0,NC
-,0.0,NC
-,0.0,NC
-,0.0,NC
-,0.0,NC
-,0.0,NC
-,0.0,NC
-,0.0,NC
-,0.0,NC
-,0.0,NC
-,0.0,NC
-,0.0,NC
-,0.0,NC
F,0.825,NC
L,0.5289256198347108,NC
-,0.0,NC
-,0.0,NC
-,0.0,NC
-,0.0,NC
-,0.0,NC
-,0.0,NC
-,0.0,NC
-,0.0,NC
-,0.0,NC
-,0.0,NC
L,0.856,NC
-,0.0,NC
-,0.0,NC
-,0.0,NC
-,0.0,NC
-,0.0,NC
-,0.0,NC
-,0.0,NC
-,0.0,NC
-,0.0,NC
-,0.0,NC
-,0.0,NC
-,0.0,NC
-,0.0,NC
-,0.0,NC
P,0.944,C
-,0.0,NC
-,0.0,NC
P,0.5609756097560976,NC
-,0.0,NC
-,0.0,NC
-,0.0,NC
-,0.0,NC
-,0.0,NC
L,0.6771653543307087,NC
P,0.5984251968503937,NC
-,0.0,NC
-,0.0,NC
-,0.0,NC
-,0.0,NC
-,0.0,NC
-,0.0,NC
S,0.5875706214689266,NC
N,0.807909604519774,NC
-,0.0,NC
-,0.0,NC
-,0.0,NC
-,0.0,NC
P,0.7784090909090909,NC
T,0.6342857142857142,NC
-,0.0,NC
E,0.88,NC
-,0.0,NC
E,0.55,NC
-,0.0,NC
-,0.0,NC
-,0.0,NC
-,0.0,NC
-,0.0,NC
-,0.0,NC
-,0.0,NC
-,0.0,NC
-,0.0,NC
G,0.5246913580246914,NC
R,0.8306010928961749,NC
K,0.6120218579234973,NC
K,0.8469945355191257,NC
-,0.0,NC
I,0.532608695652174,NC
-,0.0,NC
D,0.825136612021858,NC
-,0.0,NC
Q,0.9239130434782609,C
Y,0.6432432432432432,NC
K,0.8695652173913043,NC
C,0.9945652173913043,C
Y,0.5846994535519126,NC
E,0.5911602209944752,NC
R,0.6502732240437158,NC
M,0.9184782608695652,C
-,0.0,NC
R,0.5054347826086957,NC
-,0.0,NC
P,0.8010752688172043,NC
P,0.9354838709677419,C
-,0.0,NC
-,0.0,NC
-,0.0,NC
-,0.0,NC
-,0.0,NC
-,0.0,NC
-,0.0,NC
-,0.0,NC
-,0.0,NC
-,0.0,NC
-,0.0,NC
-,0.0,NC
-,0.0,NC
-,0.0,NC
-,0.0,NC
-,0.0,NC
-,0.0,NC
-,0.0,NC
-,0.0,NC
-,0.0,NC
-,0.0,NC
-,0.0,NC
-,0.0,NC
-,0.0,NC
-,0.0,NC
-,0.0,NC
-,0.0,NC
-,0.0,NC
-,0.0,NC
-,0.0,NC
-,0.0,NC
-,0.0,NC
-,0.0,NC
-,0.0,NC
-,0.0,NC
-,0.0,NC
-,0.0,NC
-,0.0,NC
-,0.0,NC
-,0.0,NC
-,0.0,NC
-,0.0,NC
-,0.0,NC
Y,0.956989247311828,C
-,0.0,NC
-,0.0,NC
-,0.0,NC
G,0.9521531100478469,C
L,0.6095238095238096,NC
-,0.0,NC
-,0.0,NC
Y,0.6028708133971292,NC
C,0.9952153110047847,C
N,0.7894736842105263,NC
R,0.9952153110047847,C
T,0.784688995215311,NC
W,0.9952153110047847,C
D,0.9952153110047847,C
G,0.9952153110047847,C
W,0.9952153110047847,C
-,0.0,NC
L,0.8428571428571429,NC
C,0.9904761904761905,C
W,0.9904761904761905,C
D,0.9047619047619048,C
D,0.9952380952380953,C
T,0.9666666666666667,C
P,0.9857142857142858,C
A,0.9712918660287081,C
G,0.9760765550239234,C
-,0.0,NC
-,0.0,NC
-,0.0,NC
-,0.0,NC
Q,0.9760765550239234,C
N,0.5980861244019139,NC
C,1.0,C
P,1.0,C
D,0.6842105263157895,NC
Y,0.9952380952380953,C
F,0.9952380952380953,C
P,0.7380952380952381,NC
D,0.9952380952380953,C
F,0.9952380952380953,C
D,0.9952380952380953,C
-,0.0,NC
-,0.0,NC
-,0.0,NC
-,0.0,NC
-,0.0,NC
-,0.0,NC
-,0.0,NC
-,0.0,NC
-,0.0,NC
-,0.0,NC
-,0.0,NC
-,0.0,NC
-,0.0,NC
-,0.0,NC
-,0.0,NC
-,0.0,NC
-,0.0,NC
-,0.0,NC
-,0.0,NC
-,0.0,NC
-,0.0,NC
-,0.0,NC
-,0.0,NC
-,0.0,NC
P,0.7761904761904762,NC
T,0.6869158878504673,NC
E,0.9953917050691244,C
K,0.631336405529954,NC
A,0.6055045871559633,NC
T,0.6467889908256881,NC
K,0.981651376146789,C
Y,0.9174311926605505,C
C,0.9954128440366973,C
D,0.6559633027522935,NC
E,0.9036697247706422,C
-,0.0,NC
G,1.0,C
-,0.0,NC
W,1.0,C
F,0.7889908256880734,NC
R,0.5871559633027523,NC
H,0.9678899082568807,C
P,0.9862385321100917,C
E,0.6926605504587156,NC
-,0.0,NC
N,1.0,C
R,0.8486238532110092,NC
T,0.9036697247706422,C
W,0.9862385321100917,C
S,0.9724770642201835,C
N,0.9954128440366973,C
Y,1.0,C
T,0.9403669724770642,C
L,0.6210045662100456,NC
C,1.0,C
N,0.9178082191780822,C
-,0.0,NC
F,0.7214611872146118,NC
T,0.9817351598173516,C
-,0.0,NC
E,0.726027397260274,NC
-,0.0,NC
-,0.0,NC
-,0.0,NC
-,0.0,NC
-,0.0,NC
-,0.0,NC
-,0.0,NC
-,0.0,NC
K,1.0,C
L,0.85,NC
K,0.7818181818181819,NC
-,0.0,NC
A,0.9411764705882353,C
Y,0.6244343891402715,NC
-,0.0,NC
I,0.6877828054298643,NC
L,0.9547511312217195,C
Y,0.7963800904977375,NC
Y,0.995475113122172,C
M,0.6035242290748899,NC
A,0.947136563876652,C
I,0.933920704845815,C
V,0.9823788546255506,C
G,0.9955947136563876,C
H,1.0,C
A,0.5530973451327433,NC
L,0.8177777777777778,NC
S,0.9955555555555555,C
I,0.8577777777777778,NC
-,0.0,NC
S,0.6133333333333333,NC
L,0.9955555555555555,C
L,0.6071428571428571,NC
I,0.9107142857142857,C
S,1.0,C
L,0.9732142857142857,C
A,0.5669642857142857,NC
I,0.9910714285714286,C
F,0.9776785714285714,C
F,0.6116071428571429,NC
Y,0.6160714285714286,NC
F,0.90625,C
-,0.0,NC
-,0.0,NC
-,0.0,NC
-,0.0,NC
-,0.0,NC
-,0.0,NC
-,0.0,NC
-,0.0,NC
-,0.0,NC
-,0.0,NC
-,0.0,NC
-,0.0,NC
-,0.0,NC
-,0.0,NC
-,0.0,NC
-,0.0,NC
-,0.0,NC
-,0.0,NC
-,0.0,NC
-,0.0,NC
-,0.0,NC
-,0.0,NC
-,0.0,NC
-,0.0,NC
-,0.0,NC
-,0.0,NC
-,0.0,NC
-,0.0,NC
-,0.0,NC
K,0.5426008968609866,NC
S,0.9054054054054054,C
L,0.9864864864864865,C
S,0.6860986547085202,NC
C,0.9910714285714286,C
Q,0.9866071428571429,C
R,1.0,C
I,0.6133333333333333,NC
T,0.9911111111111112,C
L,0.9777777777777777,C
H,0.9955555555555555,C
K,0.9955555555555555,C
N,0.9553571428571429,C
L,0.6160714285714286,NC
F,1.0,C
-,0.0,NC
S,0.6160714285714286,NC
Y,0.96875,C
V,0.7008928571428571,NC
L,0.9866071428571429,C
N,1.0,C
S,1.0,C
-,0.0,NC
-,0.0,NC
T,0.6160714285714286,NC
I,0.8839285714285714,NC
I,0.6160714285714286,NC
H,0.7232142857142857,NC
L,1.0,C
V,0.5178571428571429,NC
-,0.0,NC
V,0.9910313901345291,C
V,0.9910313901345291,C
P,0.6860986547085202,NC
N,0.9103139013452914,C
-,0.0,NC
-,0.0,NC
-,0.0,NC
-,0.0,NC
-,0.0,NC
-,0.0,NC
-,0.0,NC
-,0.0,NC
-,0.0,NC
-,0.0,NC
-,0.0,NC
-,0.0,NC
P,0.5336322869955157,NC
E,0.5089285714285714,NC
L,0.7142857142857143,NC
-,0.0,NC
-,0.0,NC
-,0.0,NC
-,0.0,NC
-,0.0,NC
-,0.0,NC
-,0.0,NC
-,0.0,NC
-,0.0,NC
-,0.0,NC
-,0.0,NC
-,0.0,NC
-,0.0,NC
V,0.9865470852017937,C
-,0.0,NC
R,0.8654708520179372,NC
-,0.0,NC
-,0.0,NC
-,0.0,NC
D,0.6905829596412556,NC
P,0.9955156950672646,C
V,0.6888888888888889,NC
S,0.5866666666666667,NC
C,0.9866666666666667,C
K,0.9866666666666667,C
V,0.6785714285714286,NC
L,0.9866071428571429,C
H,0.6205357142857143,NC
F,0.9776785714285714,C
F,0.9553571428571429,C
H,0.9642857142857143,C
Q,0.7008928571428571,NC
Y,0.9910714285714286,C
M,0.9380530973451328,C
L,0.5619469026548672,NC
G,0.6238938053097345,NC
C,0.9823008849557522,C
N,0.9823008849557522,C
Y,0.995575221238938,C
F,0.9911111111111112,C
W,0.9955555555555555,C
M,0.9955555555555555,C
L,1.0,C
C,0.9955555555555555,C
E,0.9955555555555555,C
G,0.995575221238938,C
I,0.8761061946902655,NC
Y,0.9911504424778761,C
L,0.995575221238938,C
H,0.9911504424778761,C
T,0.9823008849557522,C
L,0.9867256637168141,C
I,0.9822222222222222,C
V,0.9955555555555555,C
V,0.9333333333333333,C
A,0.8444444444444444,NC
V,0.9822222222222222,C
F,0.9955555555555555,C
A,0.7466666666666667,NC
E,0.9688888888888889,C
E,0.7688888888888888,NC
Q,0.9688888888888889,C
R,0.5244444444444445,NC
L,0.9022222222222223,C
H,0.6133333333333333,NC
W,0.9866666666666667,C
Y,0.9955555555555555,C
Y,0.9911111111111112,C
L,0.9333333333333333,C
L,1.0,C
G,0.9955555555555555,C
W,0.9911894273127754,C
G,0.9955555555555555,C
F,0.8973214285714286,NC
P,0.9955156950672646,C
L,0.9461883408071748,C
V,0.8616071428571429,NC
P,0.9955357142857143,C
A,0.5267857142857143,NC
S,0.5892857142857143,NC
I,0.8794642857142857,NC
H,0.9910714285714286,C
A,0.9955357142857143,C
V,0.6188340807174888,NC
A,0.7008928571428571,NC
R,0.9910714285714286,C
A,0.6278026905829597,NC
-,0.0,NC
Y,0.8789237668161435,NC
F,0.968609865470852,C
N,0.6995515695067265,NC
D,0.9955156950672646,C
N,0.9553571428571429,C
C,1.0,C
W,1.0,C
M,0.5919282511210763,NC
S,0.9910714285714286,C
V,0.9375,C
-,0.0,NC
-,0.0,NC
E,0.5178571428571429,NC
T,1.0,C
H,0.7991071428571429,NC
L,1.0,C
L,0.9910714285714286,C
Y,0.9955357142857143,C
I,0.7053571428571429,NC
V,0.5714285714285714,NC
H,1.0,C
G,0.9732142857142857,C
P,1.0,C
V,0.6383928571428571,NC
M,0.7767857142857143,NC
A,0.8844444444444445,NC
A,0.9955555555555555,C
L,0.9955555555555555,C
L,0.6177777777777778,NC
V,0.9066666666666666,C
N,0.9911111111111112,C
F,0.6875,NC
F,0.9910714285714286,C
F,0.9955156950672646,C
L,0.9955156950672646,C
L,1.0,C
N,1.0,C
I,1.0,C
V,0.7488789237668162,NC
R,0.9910313901345291,C
V,1.0,C
L,1.0,C
V,0.9955156950672646,C
T,0.757847533632287,NC
K,0.9955357142857143,C
L,0.6696428571428571,NC
R,0.8705357142857143,NC
D,0.6133333333333333,NC
T,0.88,NC
H,0.7688888888888888,NC
R,0.641860465116279,NC
-,0.0,NC
-,0.0,NC
A,0.8711111111111111,NC
E,0.9203539823008849,C
S,0.9513274336283186,C
-,0.0,NC
N,0.6133333333333333,NC
M,0.9292035398230089,C
Y,0.9955947136563876,C
M,0.6150442477876106,NC
-,0.0,NC
K,0.995575221238938,C
A,1.0,C
V,0.995575221238938,C
R,0.8185840707964602,NC
A,0.9911504424778761,C
T,0.9911504424778761,C
L,0.8451327433628318,NC
I,0.9070796460176991,C
L,1.0,C
V,0.995575221238938,C
P,0.995575221238938,C
L,1.0,C
L,0.995575221238938,C
G,0.995575221238938,C
I,0.8672566371681416,NC
Q,1.0,C
F,0.995575221238938,C
V,0.9911504424778761,C
I,0.6504424778761062,NC
F,0.5132743362831859,NC
P,0.995575221238938,C
W,0.995575221238938,C
R,0.9911504424778761,C
P,1.0,C
-,0.0,NC
-,0.0,NC
E,0.6017699115044248,NC
N,0.8495575221238938,NC
R,0.5442477876106194,NC
L,0.5929203539823009,NC
A,0.6088888888888889,NC
G,0.9866666666666667,C
-,0.0,NC
-,0.0,NC
-,0.0,NC
E,0.6150442477876106,NC
I,0.7035398230088495,NC
Y,0.9823008849557522,C
D,0.8044444444444444,NC
Y,0.9511111111111111,C
I,0.5353982300884956,NC
M,0.9911111111111112,C
H,0.9823008849557522,C
I,0.588495575221239,NC
L,0.9778761061946902,C
M,0.584070796460177,NC
H,0.9778761061946902,C
Y,0.6061946902654868,NC
Q,0.9911504424778761,C
G,1.0,C
L,0.6261682242990654,NC
L,0.602803738317757,NC
V,0.9953271028037384,C
A,0.958139534883721,C
T,0.7488372093023256,NC
I,0.9953488372093023,C
F,0.6046511627906976,NC
C,0.9906976744186047,C
F,0.986046511627907,C
F,0.6046511627906976,NC
N,0.9907407407407407,C
G,0.6046511627906976,NC
E,0.9674418604651163,C
V,0.9863013698630136,C
Q,0.9814814814814815,C
-,0.0,NC
A,0.6697674418604651,NC
L,0.7209302325581395,NC
K,0.9624413145539906,C
R,0.9906542056074766,C
Q,0.9392523364485982,C
W,0.9906976744186047,C
-,0.0,NC
Q,0.9722222222222222,C
Y,0.6697674418604651,NC
K,0.8883720930232558,NC
T,0.5607476635514018,NC
-,0.0,NC
Q,0.9439252336448598,C
W,0.9587628865979382,C
G,0.6804123711340206,NC
Q,0.9742268041237113,C
R,0.9906103286384976,C
R,0.6214953271028038,NC
-,0.0,NC
-,0.0,NC
H,0.6009389671361502,NC
C,0.6057692307692307,NC
S,0.7632850241545893,NC
-,0.0,NC
-,0.0,NC
-,0.0,NC
-,0.0,NC
-,0.0,NC
-,0.0,NC
-,0.0,NC
R,0.9904306220095693,C
-,0.0,NC
-,0.0,NC
-,0.0,NC
-,0.0,NC
-,0.0,NC
-,0.0,NC
-,0.0,NC
-,0.0,NC
-,0.0,NC
-,0.0,NC
-,0.0,NC
-,0.0,NC
-,0.0,NC
-,0.0,NC
-,0.0,NC
-,0.0,NC
-,0.0,NC
-,0.0,NC
-,0.0,NC
-,0.0,NC
-,0.0,NC
-,0.0,NC
S,0.819047619047619,NC
T,0.7277777777777777,NC
-,0.0,NC
-,0.0,NC
-,0.0,NC
-,0.0,NC
-,0.0,NC
S,0.7457627118644068,NC
Y,0.7045454545454546,NC
-,0.0,NC
-,0.0,NC
-,0.0,NC
-,0.0,NC
-,0.0,NC
-,0.0,NC
-,0.0,NC
-,0.0,NC
-,0.0,NC
-,0.0,NC
-,0.0,NC
-,0.0,NC
-,0.0,NC
-,0.0,NC
-,0.0,NC
-,0.0,NC
-,0.0,NC
-,0.0,NC
-,0.0,NC
T,0.6111111111111112,NC
A,0.9262672811059908,C
-,0.0,NC
-,0.0,NC
-,0.0,NC
-,0.0,NC
-,0.0,NC
-,0.0,NC
-,0.0,NC
T,0.6082949308755761,NC
S,0.6221198156682027,NC
-,0.0,NC
-,0.0,NC
I,0.576036866359447,NC
T,0.5483870967741935,NC
-,0.0,NC
-,0.0,NC
-,0.0,NC
-,0.0,NC
-,0.0,NC
-,0.0,NC
-,0.0,NC
-,0.0,NC
E,0.6394230769230769,NC
V,0.6201923076923077,NC
P,0.9675925925925926,C
V,0.5416666666666666,NC
Y,0.6372093023255814,NC
-,0.0,NC
Y,0.5441860465116279,NC
-,0.0,NC
-,0.0,NC
-,0.0,NC
-,0.0,NC
-,0.0,NC
-,0.0,NC
-,0.0,NC
H,0.958139534883721,C
H,0.5209302325581395,NC
D,0.5674418604651162,NC
-,0.0,NC
-,0.0,NC
-,0.0,NC
-,0.0,NC
-,0.0,NC
-,0.0,NC
-,0.0,NC
-,0.0,NC
-,0.0,NC
N,0.5327102803738317,NC
-,0.0,NC
-,0.0,NC
N,0.5813953488372093,NC
-,0.0,NC
-,0.0,NC
E,0.8790697674418605,NC
-,0.0,NC
L,0.5794392523364486,NC
-,0.0,NC
-,0.0,NC
N,0.9014084507042254,C
G,0.6208530805687204,NC
-,0.0,NC
-,0.0,NC
-,0.0,NC
-,0.0,NC
-,0.0,NC
-,0.0,NC
E,0.7850467289719626,NC
-,0.0,NC
-,0.0,NC
D,0.586046511627907,NC
S,0.5767441860465117,NC
E,0.9722222222222222,C
-,0.0,NC
-,0.0,NC
L,0.5471698113207547,NC
V,0.589622641509434,NC
-,0.0,NC
A,0.7971698113207547,NC
L,0.8293838862559242,NC
K,0.5566037735849056,NC
-,0.0,NC
-,0.0,NC
-,0.0,NC
-,0.0,NC
-,0.0,NC
-,0.0,NC
-,0.0,NC
-,0.0,NC
-,0.0,NC
-,0.0,NC
-,0.0,NC
-,0.0,NC
-,0.0,NC
-,0.0,NC
-,0.0,NC
-,0.0,NC
-,0.0,NC
-,0.0,NC
-,0.0,NC
-,0.0,NC
-,0.0,NC
-,0.0,NC
G,0.5026737967914439,NC
E,0.7903225806451613,NC
T,0.5483870967741935,NC
-,0.0,NC
-,0.0,NC
S,0.5989304812834224,NC
A,0.9408602150537635,C
-,0.0,NC
-,0.0,NC
-,0.0,NC
