residue_calrl,frequency_calrl,status_calrl
M,0.945054945054945,C
E,0.5248618784530387,NC
K,0.6833333333333333,NC
-,0.0,NC
-,0.0,NC
-,0.0,NC
-,0.0,NC
-,0.0,NC
-,0.0,NC
-,0.0,NC
-,0.0,NC
-,0.0,NC
-,0.0,NC
-,0.0,NC
-,0.0,NC
-,0.0,NC
-,0.0,NC
-,0.0,NC
-,0.0,NC
-,0.0,NC
-,0.0,NC
-,0.0,NC
-,0.0,NC
-,0.0,NC
-,0.0,NC
-,0.0,NC
-,0.0,NC
-,0.0,NC
-,0.0,NC
-,0.0,NC
-,0.0,NC
-,0.0,NC
-,0.0,NC
-,0.0,NC
-,0.0,NC
-,0.0,NC
-,0.0,NC
-,0.0,NC
-,0.0,NC
-,0.0,NC
-,0.0,NC
-,0.0,NC
-,0.0,NC
-,0.0,NC
-,0.0,NC
-,0.0,NC
-,0.0,NC
-,0.0,NC
-,0.0,NC
-,0.0,NC
-,0.0,NC
-,0.0,NC
-,0.0,NC
-,0.0,NC
-,0.0,NC
-,0.0,NC
-,0.0,NC
-,0.0,NC
-,0.0,NC
-,0.0,NC
-,0.0,NC
-,0.0,NC
-,0.0,NC
-,0.0,NC
-,0.0,NC
-,0.0,NC
-,0.0,NC
-,0.0,NC
-,0.0,NC
-,0.0,NC
-,0.0,NC
-,0.0,NC
-,0.0,NC
-,0.0,NC
-,0.0,NC
-,0.0,NC
-,0.0,NC
-,0.0,NC
-,0.0,NC
-,0.0,NC
-,0.0,NC
-,0.0,NC
-,0.0,NC
L,0.6701570680628273,NC
-,0.0,NC
-,0.0,NC
-,0.0,NC
-,0.0,NC
-,0.0,NC
-,0.0,NC
-,0.0,NC
-,0.0,NC
-,0.0,NC
-,0.0,NC
L,0.6994818652849741,NC
-,0.0,NC
L,0.5549738219895288,NC
-,0.0,NC
-,0.0,NC
-,0.0,NC
-,0.0,NC
-,0.0,NC
-,0.0,NC
-,0.0,NC
-,0.0,NC
-,0.0,NC
-,0.0,NC
-,0.0,NC
-,0.0,NC
-,0.0,NC
-,0.0,NC
-,0.0,NC
-,0.0,NC
-,0.0,NC
-,0.0,NC
-,0.0,NC
-,0.0,NC
-,0.0,NC
-,0.0,NC
V,0.5782608695652174,NC
-,0.0,NC
-,0.0,NC
A,0.9517543859649122,C
-,0.0,NC
-,0.0,NC
E,0.6081081081081081,NC
-,0.0,NC
-,0.0,NC
-,0.0,NC
-,0.0,NC
-,0.0,NC
E,0.8628318584070797,NC
-,0.0,NC
-,0.0,NC
-,0.0,NC
Q,0.7718120805369127,NC
-,0.0,NC
-,0.0,NC
-,0.0,NC
-,0.0,NC
D,0.5240174672489083,NC
-,0.0,NC
-,0.0,NC
Q,0.5478260869565217,NC
L,0.7012987012987013,NC
G,0.6320346320346321,NC
V,0.7974137931034483,NC
T,0.9913419913419913,C
R,0.9307359307359307,C
N,0.9521739130434783,C
K,0.9653679653679653,C
-,0.0,NC
I,0.987012987012987,C
M,0.7186147186147186,NC
T,0.9696969696969697,C
A,0.987012987012987,C
Q,0.987012987012987,C
Y,0.6695652173913044,NC
E,0.9913419913419913,C
C,0.9956709956709957,C
Y,0.987012987012987,C
Q,0.987012987012987,C
K,0.9783549783549783,C
I,0.9653679653679653,C
M,0.9353448275862069,C
Q,0.7056277056277056,NC
D,0.88,NC
P,0.6869565217391305,NC
I,0.5482456140350878,NC
-,0.0,NC
-,0.0,NC
-,0.0,NC
-,0.0,NC
-,0.0,NC
-,0.0,NC
-,0.0,NC
-,0.0,NC
-,0.0,NC
-,0.0,NC
-,0.0,NC
-,0.0,NC
-,0.0,NC
-,0.0,NC
-,0.0,NC
-,0.0,NC
-,0.0,NC
-,0.0,NC
-,0.0,NC
-,0.0,NC
-,0.0,NC
-,0.0,NC
-,0.0,NC
-,0.0,NC
-,0.0,NC
-,0.0,NC
-,0.0,NC
-,0.0,NC
-,0.0,NC
-,0.0,NC
-,0.0,NC
-,0.0,NC
-,0.0,NC
-,0.0,NC
-,0.0,NC
-,0.0,NC
-,0.0,NC
-,0.0,NC
-,0.0,NC
-,0.0,NC
-,0.0,NC
-,0.0,NC
-,0.0,NC
-,0.0,NC
-,0.0,NC
-,0.0,NC
E,0.7192982456140351,NC
G,0.7758620689655172,NC
P,0.5427350427350427,NC
-,0.0,NC
-,0.0,NC
Y,0.6239316239316239,NC
C,1.0,C
N,0.9743589743589743,C
R,0.9743589743589743,C
T,0.9914529914529915,C
W,0.9957264957264957,C
D,1.0,C
G,0.9957264957264957,C
W,0.9957264957264957,C
-,0.0,NC
L,0.9872340425531915,C
C,1.0,C
W,0.9957081545064378,C
-,0.0,NC
D,0.9141630901287554,C
V,0.648068669527897,NC
A,0.648068669527897,NC
A,0.9063829787234042,C
G,0.9829787234042553,C
T,0.6425531914893617,NC
-,0.0,NC
S,0.902127659574468,C
-,0.0,NC
Q,0.9915254237288136,C
H,0.5677966101694916,NC
C,1.0,C
P,0.9957446808510638,C
D,0.9914893617021276,C
Y,0.9872340425531915,C
F,0.9829787234042553,C
Q,0.9617021276595744,C
D,0.9957446808510638,C
F,1.0,C
D,0.7457627118644068,NC
-,0.0,NC
-,0.0,NC
-,0.0,NC
-,0.0,NC
-,0.0,NC
-,0.0,NC
-,0.0,NC
-,0.0,NC
-,0.0,NC
-,0.0,NC
-,0.0,NC
-,0.0,NC
-,0.0,NC
-,0.0,NC
-,0.0,NC
-,0.0,NC
-,0.0,NC
-,0.0,NC
-,0.0,NC
-,0.0,NC
-,0.0,NC
-,0.0,NC
-,0.0,NC
-,0.0,NC
P,0.9915254237288136,C
S,0.9316239316239316,C
E,0.9829059829059829,C
K,0.717948717948718,NC
V,0.9570815450643777,C
T,0.927038626609442,C
K,0.9957081545064378,C
I,0.9184549356223176,C
C,1.0,C
D,0.6495726495726496,NC
-,0.0,NC
-,0.0,NC
G,0.9914529914529915,C
N,0.6340425531914894,NC
W,0.9957264957264957,C
F,0.9957264957264957,C
R,0.6324786324786325,NC
H,0.9957264957264957,C
P,1.0,C
E,0.6623931623931624,NC
S,0.9957264957264957,C
N,0.9871794871794872,C
R,0.9957264957264957,C
T,0.9700854700854701,C
W,1.0,C
T,0.9785407725321889,C
N,0.9828326180257511,C
Y,0.927038626609442,C
T,0.9699570815450643,C
Q,0.6025641025641025,NC
C,1.0,C
N,0.9273504273504274,C
-,0.0,NC
-,0.0,NC
T,0.9525862068965517,C
H,0.5862068965517241,NC
E,0.9267241379310345,C
-,0.0,NC
-,0.0,NC
-,0.0,NC
-,0.0,NC
-,0.0,NC
-,0.0,NC
-,0.0,NC
-,0.0,NC
K,0.7025862068965517,NC
V,0.6594827586206896,NC
K,0.6379310344827587,NC
T,0.9912280701754386,C
A,0.9956140350877193,C
L,0.6916299559471366,NC
-,0.0,NC
N,0.9955947136563876,C
L,0.9647577092511013,C
F,0.6431718061674009,NC
Y,0.9955947136563876,C
L,0.9823788546255506,C
A,0.5462555066079295,NC
I,0.6916299559471366,NC
I,0.986784140969163,C
G,0.9955947136563876,C
H,1.0,C
G,0.920704845814978,C
L,0.9956140350877193,C
S,0.9956140350877193,C
I,0.6885964912280702,NC
A,0.6331877729257642,NC
S,0.9737991266375546,C
L,1.0,C
L,0.7543859649122807,NC
I,0.9213973799126638,C
S,0.9868995633187773,C
L,0.9956331877729258,C
G,0.8521739130434782,NC
I,0.9826086956521739,C
F,0.987012987012987,C
F,0.974025974025974,C
Y,0.7186147186147186,NC
F,0.9827586206896551,C
-,0.0,NC
-,0.0,NC
-,0.0,NC
-,0.0,NC
-,0.0,NC
-,0.0,NC
-,0.0,NC
-,0.0,NC
-,0.0,NC
-,0.0,NC
-,0.0,NC
-,0.0,NC
-,0.0,NC
-,0.0,NC
-,0.0,NC
-,0.0,NC
-,0.0,NC
-,0.0,NC
-,0.0,NC
-,0.0,NC
-,0.0,NC
-,0.0,NC
-,0.0,NC
-,0.0,NC
-,0.0,NC
-,0.0,NC
-,0.0,NC
-,0.0,NC
-,0.0,NC
K,0.9572649572649573,C
S,0.9746835443037974,C
L,0.9957805907172996,C
S,0.9788135593220338,C
C,0.9915254237288136,C
Q,1.0,C
R,1.0,C
I,1.0,C
T,1.0,C
L,0.9957446808510638,C
H,1.0,C
K,1.0,C
N,1.0,C
L,1.0,C
F,1.0,C
F,0.9871794871794872,C
S,1.0,C
F,0.9957264957264957,C
V,0.9786324786324786,C
C,0.717948717948718,NC
N,1.0,C
S,1.0,C
V,0.6666666666666666,NC
V,0.6452991452991453,NC
T,0.9615384615384616,C
I,0.9787234042553191,C
I,0.9744680851063829,C
-,0.0,NC
L,0.9531914893617022,C
T,0.9279661016949152,C
A,0.940677966101695,C
V,0.9446808510638298,C
A,0.9872340425531915,C
N,0.9829787234042553,C
N,0.9872340425531915,C
-,0.0,NC
-,0.0,NC
-,0.0,NC
-,0.0,NC
-,0.0,NC
-,0.0,NC
-,0.0,NC
-,0.0,NC
-,0.0,NC
-,0.0,NC
-,0.0,NC
-,0.0,NC
Q,0.9702127659574468,C
E,0.502127659574468,NC
L,0.9617021276595744,C
-,0.0,NC
-,0.0,NC
-,0.0,NC
-,0.0,NC
-,0.0,NC
-,0.0,NC
-,0.0,NC
-,0.0,NC
-,0.0,NC
-,0.0,NC
-,0.0,NC
-,0.0,NC
-,0.0,NC
V,0.9531914893617022,C
A,0.7148936170212766,NC
T,0.625531914893617,NC
-,0.0,NC
-,0.0,NC
-,0.0,NC
N,0.9744680851063829,C
P,1.0,C
V,0.6596638655462185,NC
S,0.9285714285714286,C
C,1.0,C
K,1.0,C
V,0.9453781512605042,C
S,0.8445378151260504,NC
Q,0.9369747899159664,C
F,1.0,C
I,0.9327731092436975,C
H,0.7142857142857143,NC
L,0.9621848739495799,C
Y,1.0,C
L,0.9621848739495799,C
M,0.6652719665271967,NC
G,0.9497907949790795,C
C,1.0,C
N,0.9832635983263598,C
Y,1.0,C
F,1.0,C
W,1.0,C
M,1.0,C
L,1.0,C
C,1.0,C
E,1.0,C
G,1.0,C
I,0.9497907949790795,C
Y,0.9791666666666666,C
L,1.0,C
H,1.0,C
T,1.0,C
L,1.0,C
I,0.9583333333333334,C
V,1.0,C
V,1.0,C
A,1.0,C
V,1.0,C
F,1.0,C
A,0.9875,C
E,0.9791666666666666,C
K,1.0,C
Q,0.9958333333333333,C
H,0.9791666666666666,C
L,0.9958333333333333,C
M,0.8284518828451883,NC
W,1.0,C
Y,1.0,C
Y,0.9874476987447699,C
L,0.6443514644351465,NC
L,1.0,C
G,1.0,C
W,1.0,C
G,0.9957983193277311,C
F,0.9915966386554622,C
P,1.0,C
L,1.0,C
I,0.9367088607594937,C
P,1.0,C
A,0.957983193277311,C
C,0.7226890756302521,NC
I,0.9453781512605042,C
H,1.0,C
A,0.9915966386554622,C
V,0.6596638655462185,NC
A,0.9873949579831933,C
R,1.0,C
S,0.9117647058823529,C
L,0.7058823529411765,NC
Y,1.0,C
Y,0.9495798319327731,C
N,0.9581589958158996,C
D,0.99581589958159,C
N,0.9625,C
C,1.0,C
W,1.0,C
I,1.0,C
S,0.9833333333333333,C
S,0.9875,C
-,0.0,NC
-,0.0,NC
D,0.6416666666666667,NC
T,1.0,C
H,0.6666666666666666,NC
L,1.0,C
L,0.9916666666666667,C
Y,1.0,C
I,1.0,C
I,0.9583333333333334,C
H,1.0,C
G,1.0,C
P,1.0,C
I,1.0,C
C,1.0,C
A,0.9791666666666666,C
A,1.0,C
L,0.9916666666666667,C
L,0.9623430962343096,C
V,0.9917695473251029,C
N,0.9793388429752066,C
L,0.9586776859504132,C
F,0.9917355371900827,C
F,0.9793388429752066,C
L,0.9793388429752066,C
L,0.983402489626556,C
N,0.9916317991631799,C
I,0.9916317991631799,C
V,1.0,C
R,0.9916317991631799,C
V,0.99581589958159,C
L,0.9916317991631799,C
I,0.9832635983263598,C
T,0.99581589958159,C
K,1.0,C
L,1.0,C
K,0.9916666666666667,C
V,0.7759336099585062,NC
T,0.9958333333333333,C
H,0.995850622406639,C
Q,0.7427385892116183,NC
-,0.0,NC
-,0.0,NC
A,0.979253112033195,C
E,0.991701244813278,C
S,1.0,C
-,0.0,NC
N,0.6804979253112033,NC
L,0.995850622406639,C
Y,0.995850622406639,C
M,0.9917355371900827,C
-,0.0,NC
K,0.9958677685950413,C
A,0.9958677685950413,C
V,0.9958677685950413,C
R,0.9958677685950413,C
A,0.9958677685950413,C
T,0.9917695473251029,C
L,0.9958677685950413,C
I,0.9958677685950413,C
L,0.9958847736625515,C
V,0.9876543209876543,C
P,0.9958847736625515,C
L,1.0,C
L,1.0,C
G,1.0,C
I,1.0,C
E,0.7178423236514523,NC
F,0.7676348547717843,NC
V,0.9791666666666666,C
L,0.9958333333333333,C
-,0.0,NC
P,1.0,C
W,0.725,NC
R,0.6804979253112033,NC
P,1.0,C
-,0.0,NC
-,0.0,NC
E,0.8464730290456431,NC
G,0.9875518672199171,C
R,0.7759336099585062,NC
I,0.6458333333333334,NC
A,0.6958333333333333,NC
E,0.7083333333333334,NC
-,0.0,NC
-,0.0,NC
-,0.0,NC
E,1.0,C
I,0.5020746887966805,NC
Y,0.9585062240663901,C
D,0.9543568464730291,C
Y,0.995850622406639,C
I,0.5975103734439834,NC
M,0.921161825726141,C
H,0.9004149377593361,C
I,1.0,C
L,0.950207468879668,C
M,0.966804979253112,C
H,0.991701244813278,C
Y,0.8713692946058091,NC
Q,1.0,C
G,0.986784140969163,C
L,0.9911894273127754,C
L,0.9911894273127754,C
V,0.9868421052631579,C
A,0.6096491228070176,NC
T,0.9824561403508771,C
I,0.9824561403508771,C
F,0.9780701754385965,C
C,0.9824561403508771,C
F,0.9956140350877193,C
F,1.0,C
N,0.9868421052631579,C
G,0.986784140969163,C
E,0.982532751091703,C
V,0.9875518672199171,C
Q,0.979253112033195,C
A,0.890295358649789,NC
V,0.6033755274261603,NC
L,0.9957805907172996,C
R,0.890295358649789,NC
R,1.0,C
H,0.620253164556962,NC
W,0.9957805907172996,C
N,0.9578059071729957,C
Q,0.9957805907172996,C
Y,0.9493670886075949,C
K,0.6160337552742616,NC
I,0.9578059071729957,C
-,0.0,NC
Q,1.0,C
F,0.9915611814345991,C
G,0.7257383966244726,NC
-,0.0,NC
S,0.8396624472573839,NC
F,0.7372881355932204,NC
S,0.6413502109704642,NC
H,0.8571428571428571,NC
S,0.9369747899159664,C
D,0.8319327731092437,NC
A,0.865546218487395,NC
-,0.0,NC
-,0.0,NC
-,0.0,NC
-,0.0,NC
-,0.0,NC
-,0.0,NC
L,0.680672268907563,NC
R,1.0,C
-,0.0,NC
-,0.0,NC
-,0.0,NC
-,0.0,NC
-,0.0,NC
-,0.0,NC
-,0.0,NC
-,0.0,NC
-,0.0,NC
-,0.0,NC
-,0.0,NC
-,0.0,NC
-,0.0,NC
-,0.0,NC
-,0.0,NC
-,0.0,NC
-,0.0,NC
-,0.0,NC
-,0.0,NC
-,0.0,NC
-,0.0,NC
-,0.0,NC
S,0.7310924369747899,NC
A,0.9369747899159664,C
-,0.0,NC
-,0.0,NC
-,0.0,NC
-,0.0,NC
-,0.0,NC
S,1.0,C
Y,0.9831932773109243,C
-,0.0,NC
-,0.0,NC
-,0.0,NC
-,0.0,NC
-,0.0,NC
-,0.0,NC
-,0.0,NC
-,0.0,NC
-,0.0,NC
-,0.0,NC
-,0.0,NC
-,0.0,NC
-,0.0,NC
-,0.0,NC
-,0.0,NC
-,0.0,NC
-,0.0,NC
-,0.0,NC
-,0.0,NC
T,1.0,C
V,0.6932773109243697,NC
-,0.0,NC
-,0.0,NC
-,0.0,NC
-,0.0,NC
-,0.0,NC
-,0.0,NC
-,0.0,NC
S,0.9789915966386554,C
S,0.5546218487394958,NC
-,0.0,NC
-,0.0,NC
I,0.9621848739495799,C
S,0.6596638655462185,NC
-,0.0,NC
-,0.0,NC
-,0.0,NC
-,0.0,NC
-,0.0,NC
-,0.0,NC
-,0.0,NC
-,0.0,NC
D,0.6680672268907563,NC
V,0.6016949152542372,NC
Q,0.5914893617021276,NC
G,0.9230769230769231,C
Y,0.9098712446351931,C
S,0.8808510638297873,NC
-,0.0,NC
-,0.0,NC
-,0.0,NC
-,0.0,NC
-,0.0,NC
-,0.0,NC
-,0.0,NC
-,0.0,NC
-,0.0,NC
H,0.679324894514768,NC
D,0.9493670886075949,C
-,0.0,NC
-,0.0,NC
-,0.0,NC
-,0.0,NC
-,0.0,NC
-,0.0,NC
-,0.0,NC
-,0.0,NC
C,0.5879828326180258,NC
-,0.0,NC
-,0.0,NC
-,0.0,NC
S,0.6919831223628692,NC
-,0.0,NC
-,0.0,NC
E,0.9873417721518988,C
H,0.919831223628692,C
L,0.759493670886076,NC
-,0.0,NC
-,0.0,NC
N,0.9915966386554622,C
G,0.9915611814345991,C
K,0.9915611814345991,C
-,0.0,NC
-,0.0,NC
S,0.5232067510548524,NC
-,0.0,NC
-,0.0,NC
H,0.8220338983050848,NC
-,0.0,NC
-,0.0,NC
D,0.961864406779661,C
-,0.0,NC
E,0.6751054852320675,NC
-,0.0,NC
-,0.0,NC
-,0.0,NC
V,0.6137339055793991,NC
-,0.0,NC
V,0.548936170212766,NC
L,0.7957446808510639,NC
K,0.9745762711864406,C
-,0.0,NC
-,0.0,NC
-,0.0,NC
-,0.0,NC
-,0.0,NC
-,0.0,NC
-,0.0,NC
-,0.0,NC
-,0.0,NC
-,0.0,NC
-,0.0,NC
-,0.0,NC
-,0.0,NC
-,0.0,NC
-,0.0,NC
-,0.0,NC
-,0.0,NC
-,0.0,NC
-,0.0,NC
-,0.0,NC
-,0.0,NC
-,0.0,NC
E,0.7415254237288136,NC
K,0.5829787234042553,NC
L,0.6111111111111112,NC
-,0.0,NC
-,0.0,NC
Y,0.6581196581196581,NC
-,0.0,NC
-,0.0,NC
-,0.0,NC
-,0.0,NC
