residue_crfr1,frequency_crfr1,status_crfr1
-,0.0,NC
-,0.0,NC
-,0.0,NC
-,0.0,NC
-,0.0,NC
-,0.0,NC
-,0.0,NC
-,0.0,NC
-,0.0,NC
-,0.0,NC
-,0.0,NC
R,0.5590551181102362,NC
-,0.0,NC
-,0.0,NC
-,0.0,NC
R,0.5625,NC
-,0.0,NC
-,0.0,NC
-,0.0,NC
-,0.0,NC
-,0.0,NC
-,0.0,NC
-,0.0,NC
-,0.0,NC
-,0.0,NC
-,0.0,NC
P,0.6044776119402985,NC
-,0.0,NC
-,0.0,NC
-,0.0,NC
-,0.0,NC
-,0.0,NC
-,0.0,NC
-,0.0,NC
-,0.0,NC
-,0.0,NC
-,0.0,NC
-,0.0,NC
-,0.0,NC
-,0.0,NC
-,0.0,NC
-,0.0,NC
-,0.0,NC
-,0.0,NC
-,0.0,NC
-,0.0,NC
-,0.0,NC
-,0.0,NC
-,0.0,NC
-,0.0,NC
-,0.0,NC
-,0.0,NC
-,0.0,NC
-,0.0,NC
-,0.0,NC
-,0.0,NC
-,0.0,NC
-,0.0,NC
-,0.0,NC
-,0.0,NC
-,0.0,NC
-,0.0,NC
-,0.0,NC
-,0.0,NC
L,0.6030534351145038,NC
-,0.0,NC
-,0.0,NC
-,0.0,NC
-,0.0,NC
-,0.0,NC
-,0.0,NC
-,0.0,NC
-,0.0,NC
-,0.0,NC
L,0.6,NC
-,0.0,NC
-,0.0,NC
-,0.0,NC
-,0.0,NC
-,0.0,NC
-,0.0,NC
-,0.0,NC
-,0.0,NC
L,0.5121951219512195,NC
-,0.0,NC
-,0.0,NC
-,0.0,NC
L,0.6234567901234568,NC
-,0.0,NC
-,0.0,NC
-,0.0,NC
-,0.0,NC
-,0.0,NC
-,0.0,NC
L,0.6474358974358975,NC
-,0.0,NC
-,0.0,NC
-,0.0,NC
-,0.0,NC
-,0.0,NC
-,0.0,NC
-,0.0,NC
-,0.0,NC
-,0.0,NC
-,0.0,NC
-,0.0,NC
-,0.0,NC
-,0.0,NC
-,0.0,NC
-,0.0,NC
-,0.0,NC
-,0.0,NC
-,0.0,NC
-,0.0,NC
-,0.0,NC
-,0.0,NC
-,0.0,NC
-,0.0,NC
-,0.0,NC
-,0.0,NC
-,0.0,NC
-,0.0,NC
-,0.0,NC
-,0.0,NC
-,0.0,NC
-,0.0,NC
-,0.0,NC
-,0.0,NC
-,0.0,NC
-,0.0,NC
L,0.6415094339622641,NC
-,0.0,NC
P,0.6583850931677019,NC
-,0.0,NC
-,0.0,NC
-,0.0,NC
-,0.0,NC
-,0.0,NC
-,0.0,NC
-,0.0,NC
-,0.0,NC
-,0.0,NC
-,0.0,NC
-,0.0,NC
-,0.0,NC
-,0.0,NC
-,0.0,NC
-,0.0,NC
-,0.0,NC
S,0.725,NC
A,0.6583850931677019,NC
S,0.8098159509202454,NC
-,0.0,NC
-,0.0,NC
L,0.5157232704402516,NC
Q,0.610062893081761,NC
D,0.6871165644171779,NC
Q,0.608433734939759,NC
-,0.0,NC
C,0.896551724137931,NC
-,0.0,NC
E,0.76,NC
S,0.5227272727272727,NC
L,0.9171270718232044,C
S,0.7222222222222222,NC
-,0.0,NC
-,0.0,NC
-,0.0,NC
-,0.0,NC
-,0.0,NC
-,0.0,NC
-,0.0,NC
-,0.0,NC
-,0.0,NC
-,0.0,NC
-,0.0,NC
-,0.0,NC
-,0.0,NC
-,0.0,NC
-,0.0,NC
-,0.0,NC
-,0.0,NC
-,0.0,NC
-,0.0,NC
-,0.0,NC
-,0.0,NC
-,0.0,NC
-,0.0,NC
-,0.0,NC
-,0.0,NC
-,0.0,NC
-,0.0,NC
-,0.0,NC
-,0.0,NC
-,0.0,NC
-,0.0,NC
-,0.0,NC
-,0.0,NC
-,0.0,NC
-,0.0,NC
-,0.0,NC
-,0.0,NC
-,0.0,NC
-,0.0,NC
-,0.0,NC
-,0.0,NC
-,0.0,NC
-,0.0,NC
-,0.0,NC
-,0.0,NC
-,0.0,NC
-,0.0,NC
-,0.0,NC
N,0.6480446927374302,NC
-,0.0,NC
S,0.5578947368421052,NC
G,0.9615384615384616,C
L,0.5406698564593302,NC
-,0.0,NC
-,0.0,NC
Q,0.6875,NC
C,0.9904761904761905,C
N,0.8028846153846154,NC
A,0.7177033492822966,NC
S,0.9521531100478469,C
V,0.6571428571428571,NC
D,0.9904306220095693,C
L,0.7320574162679426,NC
I,0.9857142857142858,C
G,0.9952380952380953,C
T,0.9952153110047847,C
C,0.9856459330143541,C
W,0.9952380952380953,C
P,0.9857142857142858,C
R,0.8104265402843602,NC
S,0.966824644549763,C
-,0.0,NC
A,0.6666666666666666,NC
G,0.9857142857142858,C
Q,0.8516746411483254,NC
L,0.7380952380952381,NC
V,0.9666666666666667,C
-,0.0,NC
R,0.9575471698113207,C
P,0.9764150943396226,C
C,0.9812206572769953,C
P,0.9906103286384976,C
E,0.5518867924528302,NC
Y,0.5260663507109005,NC
F,0.9620853080568721,C
Y,0.8388625592417062,NC
G,0.985781990521327,C
V,0.966824644549763,C
R,0.9241706161137441,C
Y,0.9671361502347418,C
-,0.0,NC
-,0.0,NC
-,0.0,NC
-,0.0,NC
-,0.0,NC
-,0.0,NC
-,0.0,NC
-,0.0,NC
-,0.0,NC
-,0.0,NC
-,0.0,NC
-,0.0,NC
-,0.0,NC
-,0.0,NC
-,0.0,NC
-,0.0,NC
-,0.0,NC
-,0.0,NC
-,0.0,NC
-,0.0,NC
-,0.0,NC
-,0.0,NC
N,0.9765258215962441,C
T,0.9624413145539906,C
T,0.9302325581395349,C
N,0.9074074074074074,C
N,0.9400921658986175,C
G,0.6543778801843319,NC
Y,0.9723502304147466,C
R,0.967741935483871,C
E,0.7972350230414746,NC
C,0.9907834101382489,C
L,0.9220183486238532,C
A,0.8165137614678899,NC
N,0.9770642201834863,C
G,0.9862385321100917,C
S,0.6100917431192661,NC
W,0.9908256880733946,C
A,0.9770642201834863,C
A,0.6513761467889908,NC
-,0.0,NC
-,0.0,NC
-,0.0,NC
-,0.0,NC
-,0.0,NC
-,0.0,NC
-,0.0,NC
R,0.7018348623853211,NC
V,0.6990740740740741,NC
N,0.9627906976744186,C
Y,0.9813953488372092,C
S,0.9441860465116279,C
-,0.0,NC
C,0.9907407407407407,C
Q,0.7824074074074074,NC
E,0.7685185185185185,NC
I,0.9768518518518519,C
L,0.981651376146789,C
-,0.0,NC
E,0.8632075471698113,NC
E,0.9406392694063926,C
-,0.0,NC
-,0.0,NC
-,0.0,NC
-,0.0,NC
-,0.0,NC
K,0.9318181818181818,C
K,0.9457013574660633,C
S,0.8190045248868778,NC
K,0.9819004524886877,C
-,0.0,NC
H,0.9954954954954955,C
-,0.0,NC
Y,0.972972972972973,C
H,0.7837837837837838,NC
I,0.6441441441441441,NC
A,0.990990990990991,C
V,0.9594594594594594,C
I,0.9414414414414415,C
I,0.9819819819819819,C
N,0.9955156950672646,C
Y,0.8153153153153153,NC
L,0.968609865470852,C
G,1.0,C
H,0.9955156950672646,C
C,0.9820627802690582,C
I,0.6591928251121076,NC
S,0.9955156950672646,C
L,0.820627802690583,NC
-,0.0,NC
A,0.9910313901345291,C
L,0.9955156950672646,C
L,0.9641255605381166,C
V,0.757847533632287,NC
A,0.9955156950672646,C
F,0.9955156950672646,C
V,0.6547085201793722,NC
L,0.9910313901345291,C
F,0.9866071428571429,C
L,0.5535714285714286,NC
R,0.7946428571428571,NC
L,0.9866071428571429,C
-,0.0,NC
-,0.0,NC
-,0.0,NC
-,0.0,NC
-,0.0,NC
-,0.0,NC
-,0.0,NC
-,0.0,NC
-,0.0,NC
-,0.0,NC
-,0.0,NC
-,0.0,NC
-,0.0,NC
-,0.0,NC
-,0.0,NC
-,0.0,NC
-,0.0,NC
-,0.0,NC
-,0.0,NC
-,0.0,NC
-,0.0,NC
-,0.0,NC
-,0.0,NC
-,0.0,NC
-,0.0,NC
-,0.0,NC
-,0.0,NC
-,0.0,NC
-,0.0,NC
R,0.968609865470852,C
S,0.990990990990991,C
I,0.9954954954954955,C
R,0.9954954954954955,C
C,0.9954954954954955,C
L,0.9954954954954955,C
R,0.9954954954954955,C
N,0.9910313901345291,C
I,0.9910313901345291,C
I,0.9910313901345291,C
H,0.9955357142857143,C
W,0.9955357142857143,C
N,0.9866071428571429,C
L,0.9910313901345291,C
I,0.9775784753363229,C
T,0.5650224215246636,NC
A,0.9776785714285714,C
F,0.9910714285714286,C
I,0.9910714285714286,C
L,0.9955357142857143,C
R,0.9910714285714286,C
N,0.9955156950672646,C
A,0.9821428571428571,C
T,0.9821428571428571,C
W,0.9910714285714286,C
F,1.0,C
V,0.8116591928251121,NC
V,0.9732142857142857,C
Q,0.9866071428571429,C
L,0.8303571428571429,NC
T,0.9820627802690582,C
M,0.9515418502202643,C
S,0.5638766519823789,NC
P,0.9691629955947136,C
-,0.0,NC
-,0.0,NC
-,0.0,NC
-,0.0,NC
-,0.0,NC
-,0.0,NC
-,0.0,NC
-,0.0,NC
-,0.0,NC
-,0.0,NC
-,0.0,NC
-,0.0,NC
-,0.0,NC
-,0.0,NC
E,0.9070796460176991,C
-,0.0,NC
-,0.0,NC
-,0.0,NC
-,0.0,NC
-,0.0,NC
-,0.0,NC
-,0.0,NC
-,0.0,NC
-,0.0,NC
-,0.0,NC
-,0.0,NC
-,0.0,NC
-,0.0,NC
V,0.9734513274336283,C
H,0.9601769911504425,C
E,0.5752212389380531,NC
S,0.9867256637168141,C
-,0.0,NC
-,0.0,NC
-,0.0,NC
N,0.9911504424778761,C
V,0.9646017699115044,C
-,0.0,NC
W,0.9912280701754386,C
C,0.9912280701754386,C
R,0.9956140350877193,C
L,0.9868421052631579,C
V,0.9956140350877193,C
T,0.9956140350877193,C
A,0.9824561403508771,C
A,0.8114035087719298,NC
Y,0.8114035087719298,NC
N,1.0,C
Y,1.0,C
F,0.9956140350877193,C
H,0.9824561403508771,C
V,0.8245614035087719,NC
T,1.0,C
N,0.9868421052631579,C
F,1.0,C
F,1.0,C
W,1.0,C
M,1.0,C
F,0.9956140350877193,C
G,1.0,C
E,1.0,C
G,1.0,C
C,1.0,C
Y,1.0,C
L,1.0,C
H,1.0,C
T,1.0,C
A,1.0,C
I,0.9692982456140351,C
V,0.9956140350877193,C
L,1.0,C
T,1.0,C
Y,1.0,C
S,0.9956140350877193,C
T,0.9956140350877193,C
D,0.9692982456140351,C
K,0.631578947368421,NC
L,1.0,C
R,0.9868421052631579,C
K,0.9956140350877193,C
W,1.0,C
M,0.9824561403508771,C
F,1.0,C
I,0.9342105263157895,C
C,0.9824561403508771,C
I,0.9736842105263158,C
G,1.0,C
W,0.9956140350877193,C
C,0.6228070175438597,NC
I,0.5973451327433629,NC
P,1.0,C
F,0.9557522123893806,C
P,0.9911504424778761,C
I,0.9911504424778761,C
I,0.995575221238938,C
V,0.9247787610619469,C
A,1.0,C
W,1.0,C
A,0.9911504424778761,C
I,0.9380530973451328,C
G,0.995575221238938,C
K,1.0,C
L,0.9867256637168141,C
Y,0.9867256637168141,C
Y,0.9823008849557522,C
D,0.9911504424778761,C
N,0.9866666666666667,C
E,1.0,C
K,0.9911111111111112,C
C,1.0,C
W,1.0,C
F,1.0,C
G,1.0,C
K,0.9911504424778761,C
R,0.911504424778761,C
A,0.5796460176991151,NC
G,1.0,C
V,0.9203539823008849,C
Y,0.9867256637168141,C
T,0.9911894273127754,C
D,0.986784140969163,C
Y,0.9691629955947136,C
I,0.986784140969163,C
Y,0.9911894273127754,C
Q,0.9955947136563876,C
G,0.9867256637168141,C
P,1.0,C
M,0.9690265486725663,C
I,1.0,C
L,0.9955555555555555,C
V,1.0,C
L,0.995575221238938,C
L,0.8149779735682819,NC
I,0.9823788546255506,C
N,0.9779735682819384,C
F,0.9911504424778761,C
I,0.9778761061946902,C
F,0.995575221238938,C
L,0.995575221238938,C
F,0.9867256637168141,C
N,0.9867256637168141,C
I,0.9867256637168141,C
V,0.9911504424778761,C
R,0.9823008849557522,C
I,0.9867256637168141,C
L,0.9911504424778761,C
M,0.9823008849557522,C
T,0.9867256637168141,C
K,0.9867256637168141,C
L,0.9911504424778761,C
R,0.986784140969163,C
A,0.986784140969163,C
S,0.9824561403508771,C
T,0.986784140969163,C
T,0.9911504424778761,C
-,0.0,NC
-,0.0,NC
S,0.995575221238938,C
E,0.9867256637168141,C
T,0.9867256637168141,C
-,0.0,NC
I,0.9646017699115044,C
Q,0.9823008849557522,C
Y,0.9867256637168141,C
R,0.9867256637168141,C
-,0.0,NC
K,0.9823008849557522,C
A,0.9778761061946902,C
V,0.9822222222222222,C
K,0.9822222222222222,C
A,0.9866071428571429,C
T,0.9866071428571429,C
L,0.9955357142857143,C
V,0.9822222222222222,C
L,0.9866666666666667,C
L,0.9955555555555555,C
P,0.9911111111111112,C
L,0.9911111111111112,C
L,0.9911111111111112,C
G,1.0,C
I,0.9777777777777777,C
T,0.9911111111111112,C
Y,0.9911111111111112,C
M,0.9911504424778761,C
L,0.995575221238938,C
F,0.9911504424778761,C
F,0.9911504424778761,C
V,0.995575221238938,C
N,0.9601769911504425,C
P,0.995575221238938,C
G,0.9778761061946902,C
E,0.9734513274336283,C
D,0.9911894273127754,C
E,0.9779735682819384,C
I,0.5726872246696035,NC
-,0.0,NC
-,0.0,NC
-,0.0,NC
-,0.0,NC
S,0.9647577092511013,C
R,0.7048458149779736,NC
I,0.5418502202643172,NC
V,0.973568281938326,C
F,0.9955947136563876,C
I,0.9911504424778761,C
Y,0.9911504424778761,C
F,0.9955947136563876,C
N,0.9911894273127754,C
S,0.9955947136563876,C
F,0.9118942731277533,C
L,0.9955947136563876,C
E,0.9515418502202643,C
S,0.9911894273127754,C
F,0.9911894273127754,C
Q,0.9911894273127754,C
G,0.9822222222222222,C
F,0.9777777777777777,C
F,0.9821428571428571,C
V,0.9866071428571429,C
S,1.0,C
V,0.9865470852017937,C
F,0.9865470852017937,C
Y,0.9910313901345291,C
C,0.9865470852017937,C
F,0.9865470852017937,C
L,0.9910313901345291,C
N,0.9865470852017937,C
S,0.9865470852017937,C
E,0.9910313901345291,C
V,0.9732142857142857,C
R,0.9638009049773756,C
S,0.9547511312217195,C
A,0.9634703196347032,C
V,0.6192660550458715,NC
R,0.9587155963302753,C
K,0.9680365296803652,C
R,0.9634703196347032,C
W,0.8127853881278538,NC
H,0.9587155963302753,C
R,0.9680365296803652,C
W,0.9728506787330317,C
Q,0.9636363636363636,C
-,0.0,NC
D,0.8,NC
K,0.7727272727272727,NC
-,0.0,NC
-,0.0,NC
H,0.9545454545454546,C
S,0.963963963963964,C
I,0.9414414414414415,C
R,0.9727272727272728,C
A,0.9452054794520548,C
R,0.9592760180995475,C
-,0.0,NC
V,0.7899543378995434,NC
-,0.0,NC
-,0.0,NC
-,0.0,NC
-,0.0,NC
-,0.0,NC
-,0.0,NC
A,0.7909090909090909,NC
R,0.7818181818181819,NC
-,0.0,NC
-,0.0,NC
-,0.0,NC
-,0.0,NC
-,0.0,NC
-,0.0,NC
-,0.0,NC
-,0.0,NC
-,0.0,NC
-,0.0,NC
-,0.0,NC
-,0.0,NC
-,0.0,NC
-,0.0,NC
-,0.0,NC
-,0.0,NC
-,0.0,NC
-,0.0,NC
-,0.0,NC
-,0.0,NC
-,0.0,NC
-,0.0,NC
-,0.0,NC
-,0.0,NC
-,0.0,NC
-,0.0,NC
-,0.0,NC
-,0.0,NC
-,0.0,NC
-,0.0,NC
-,0.0,NC
-,0.0,NC
-,0.0,NC
-,0.0,NC
-,0.0,NC
-,0.0,NC
-,0.0,NC
-,0.0,NC
-,0.0,NC
-,0.0,NC
-,0.0,NC
-,0.0,NC
-,0.0,NC
-,0.0,NC
-,0.0,NC
-,0.0,NC
-,0.0,NC
-,0.0,NC
-,0.0,NC
-,0.0,NC
A,0.9680365296803652,C
-,0.0,NC
-,0.0,NC
-,0.0,NC
-,0.0,NC
-,0.0,NC
-,0.0,NC
-,0.0,NC
-,0.0,NC
-,0.0,NC
-,0.0,NC
-,0.0,NC
-,0.0,NC
-,0.0,NC
-,0.0,NC
-,0.0,NC
-,0.0,NC
-,0.0,NC
-,0.0,NC
-,0.0,NC
-,0.0,NC
-,0.0,NC
-,0.0,NC
-,0.0,NC
-,0.0,NC
-,0.0,NC
-,0.0,NC
-,0.0,NC
-,0.0,NC
-,0.0,NC
-,0.0,NC
-,0.0,NC
-,0.0,NC
-,0.0,NC
-,0.0,NC
-,0.0,NC
-,0.0,NC
-,0.0,NC
-,0.0,NC
-,0.0,NC
-,0.0,NC
-,0.0,NC
-,0.0,NC
M,0.9547511312217195,C
S,0.9592760180995475,C
I,0.954954954954955,C
P,0.963963963963964,C
-,0.0,NC
T,0.9683257918552036,C
-,0.0,NC
-,0.0,NC
-,0.0,NC
S,0.9636363636363636,C
-,0.0,NC
P,0.9772727272727273,C
T,0.7899543378995434,NC
-,0.0,NC
-,0.0,NC
-,0.0,NC
-,0.0,NC
-,0.0,NC
-,0.0,NC
-,0.0,NC
-,0.0,NC
-,0.0,NC
-,0.0,NC
-,0.0,NC
-,0.0,NC
-,0.0,NC
-,0.0,NC
-,0.0,NC
-,0.0,NC
-,0.0,NC
R,0.9908675799086758,C
-,0.0,NC
-,0.0,NC
-,0.0,NC
V,0.9539170506912442,C
-,0.0,NC
S,0.963302752293578,C
F,0.9680365296803652,C
H,0.963302752293578,C
-,0.0,NC
-,0.0,NC
-,0.0,NC
-,0.0,NC
-,0.0,NC
-,0.0,NC
-,0.0,NC
-,0.0,NC
-,0.0,NC
-,0.0,NC
-,0.0,NC
-,0.0,NC
-,0.0,NC
S,0.9862385321100917,C
I,0.9631336405529954,C
K,0.9771689497716894,C
-,0.0,NC
-,0.0,NC
-,0.0,NC
-,0.0,NC
-,0.0,NC
-,0.0,NC
-,0.0,NC
Q,0.958904109589041,C
S,0.958904109589041,C
-,0.0,NC
-,0.0,NC
T,0.8090909090909091,NC
A,0.7752293577981652,NC
V,0.6605504587155964,NC
-,0.0,NC
-,0.0,NC
