residue_gcgr,frequency_gcgr,status_gcgr
M,0.9585798816568047,C
-,0.0,NC
-,0.0,NC
-,0.0,NC
-,0.0,NC
-,0.0,NC
-,0.0,NC
-,0.0,NC
-,0.0,NC
-,0.0,NC
-,0.0,NC
Q,0.5059523809523809,NC
-,0.0,NC
-,0.0,NC
-,0.0,NC
-,0.0,NC
-,0.0,NC
-,0.0,NC
-,0.0,NC
-,0.0,NC
-,0.0,NC
-,0.0,NC
-,0.0,NC
-,0.0,NC
-,0.0,NC
-,0.0,NC
P,0.5294117647058824,NC
-,0.0,NC
-,0.0,NC
-,0.0,NC
-,0.0,NC
-,0.0,NC
-,0.0,NC
-,0.0,NC
-,0.0,NC
-,0.0,NC
-,0.0,NC
-,0.0,NC
-,0.0,NC
-,0.0,NC
-,0.0,NC
-,0.0,NC
-,0.0,NC
-,0.0,NC
-,0.0,NC
-,0.0,NC
-,0.0,NC
-,0.0,NC
-,0.0,NC
-,0.0,NC
-,0.0,NC
-,0.0,NC
-,0.0,NC
-,0.0,NC
-,0.0,NC
-,0.0,NC
-,0.0,NC
-,0.0,NC
-,0.0,NC
-,0.0,NC
-,0.0,NC
-,0.0,NC
L,0.7543859649122807,NC
-,0.0,NC
L,0.7278481012658228,NC
-,0.0,NC
L,0.6569767441860465,NC
-,0.0,NC
-,0.0,NC
-,0.0,NC
-,0.0,NC
-,0.0,NC
-,0.0,NC
-,0.0,NC
L,0.5569620253164557,NC
-,0.0,NC
-,0.0,NC
-,0.0,NC
-,0.0,NC
-,0.0,NC
-,0.0,NC
-,0.0,NC
L,0.7151162790697675,NC
L,0.8895348837209303,NC
-,0.0,NC
-,0.0,NC
-,0.0,NC
-,0.0,NC
-,0.0,NC
-,0.0,NC
-,0.0,NC
-,0.0,NC
-,0.0,NC
-,0.0,NC
L,0.6589595375722543,NC
-,0.0,NC
C,0.6104651162790697,NC
-,0.0,NC
-,0.0,NC
-,0.0,NC
-,0.0,NC
-,0.0,NC
-,0.0,NC
-,0.0,NC
-,0.0,NC
-,0.0,NC
-,0.0,NC
-,0.0,NC
Q,0.815028901734104,NC
-,0.0,NC
-,0.0,NC
P,0.5257142857142857,NC
-,0.0,NC
-,0.0,NC
-,0.0,NC
-,0.0,NC
-,0.0,NC
-,0.0,NC
-,0.0,NC
S,0.6914285714285714,NC
-,0.0,NC
-,0.0,NC
A,0.92,C
Q,0.6590909090909091,NC
-,0.0,NC
-,0.0,NC
V,0.5056818181818182,NC
-,0.0,NC
-,0.0,NC
-,0.0,NC
M,0.5536723163841808,NC
D,0.7966101694915254,NC
-,0.0,NC
-,0.0,NC
-,0.0,NC
-,0.0,NC
-,0.0,NC
F,0.5310734463276836,NC
L,0.848314606741573,NC
-,0.0,NC
-,0.0,NC
-,0.0,NC
-,0.0,NC
-,0.0,NC
-,0.0,NC
-,0.0,NC
F,0.5418994413407822,NC
-,0.0,NC
-,0.0,NC
E,0.8547486033519553,NC
-,0.0,NC
-,0.0,NC
W,0.9888268156424581,C
K,0.7597765363128491,NC
L,0.5921787709497207,NC
Y,1.0,C
-,0.0,NC
D,0.55,NC
E,0.5611111111111111,NC
C,1.0,C
-,0.0,NC
-,0.0,NC
N,1.0,C
-,0.0,NC
S,0.978021978021978,C
L,0.5384615384615384,NC
L,0.521978021978022,NC
P,0.9615384615384616,C
-,0.0,NC
-,0.0,NC
-,0.0,NC
-,0.0,NC
-,0.0,NC
-,0.0,NC
-,0.0,NC
-,0.0,NC
-,0.0,NC
-,0.0,NC
-,0.0,NC
-,0.0,NC
-,0.0,NC
-,0.0,NC
-,0.0,NC
-,0.0,NC
-,0.0,NC
-,0.0,NC
-,0.0,NC
-,0.0,NC
-,0.0,NC
-,0.0,NC
-,0.0,NC
-,0.0,NC
-,0.0,NC
-,0.0,NC
-,0.0,NC
-,0.0,NC
-,0.0,NC
-,0.0,NC
-,0.0,NC
-,0.0,NC
-,0.0,NC
-,0.0,NC
-,0.0,NC
-,0.0,NC
-,0.0,NC
-,0.0,NC
-,0.0,NC
-,0.0,NC
-,0.0,NC
-,0.0,NC
-,0.0,NC
-,0.0,NC
-,0.0,NC
P,0.7771739130434783,NC
P,0.6086956521739131,NC
T,0.8804347826086957,NC
E,0.6141304347826086,NC
L,0.9354838709677419,C
-,0.0,NC
-,0.0,NC
V,1.0,C
C,1.0,C
N,0.989247311827957,C
R,0.9946236559139785,C
T,0.9408602150537635,C
F,0.9838709677419355,C
D,0.967741935483871,C
K,0.7311827956989247,NC
Y,0.8387096774193549,NC
-,0.0,NC
S,0.6182795698924731,NC
C,1.0,C
W,0.9946236559139785,C
P,1.0,C
D,0.9946236559139785,C
T,0.532258064516129,NC
-,0.0,NC
P,0.8817204301075269,NC
N,0.9946236559139785,C
T,0.8333333333333334,NC
T,0.9731182795698925,C
A,0.521505376344086,NC
N,0.5752688172043011,NC
V,0.543010752688172,NC
S,0.6774193548387096,NC
C,1.0,C
P,1.0,C
W,0.9838709677419355,C
Y,0.8432432432432433,NC
L,1.0,C
P,1.0,C
W,1.0,C
H,0.6,NC
H,0.6162162162162163,NC
K,0.8378378378378378,NC
-,0.0,NC
-,0.0,NC
-,0.0,NC
-,0.0,NC
-,0.0,NC
-,0.0,NC
-,0.0,NC
-,0.0,NC
-,0.0,NC
-,0.0,NC
-,0.0,NC
-,0.0,NC
-,0.0,NC
-,0.0,NC
-,0.0,NC
-,0.0,NC
-,0.0,NC
-,0.0,NC
-,0.0,NC
-,0.0,NC
-,0.0,NC
-,0.0,NC
V,0.9837837837837838,C
Q,0.7027027027027027,NC
H,0.9027027027027027,C
R,0.5513513513513514,NC
-,0.0,NC
V,0.9567567567567568,C
F,0.6324324324324324,NC
K,0.6702702702702703,NC
-,0.0,NC
C,1.0,C
G,0.6847826086956522,NC
P,0.6684782608695652,NC
D,0.75,NC
G,1.0,C
Q,0.9293478260869565,C
W,0.967391304347826,C
V,0.8369565217391305,NC
-,0.0,NC
-,0.0,NC
G,0.904,C
P,0.968,C
R,0.5645161290322581,NC
G,0.9838709677419355,C
Q,0.8870967741935484,NC
P,0.5806451612903226,NC
-,0.0,NC
R,0.6956521739130435,NC
N,0.6630434782608695,NC
A,0.6793478260869565,NC
S,0.7391304347826086,NC
Q,0.6304347826086957,NC
C,0.9891304347826086,C
-,0.0,NC
-,0.0,NC
D,0.6344086021505376,NC
-,0.0,NC
-,0.0,NC
E,0.5055555555555555,NC
-,0.0,NC
E,0.631578947368421,NC
-,0.0,NC
V,0.524822695035461,NC
Q,0.7912087912087912,NC
-,0.0,NC
-,0.0,NC
-,0.0,NC
-,0.0,NC
A,0.5945945945945946,NC
K,0.7222222222222222,NC
-,0.0,NC
-,0.0,NC
Y,0.8450704225352113,NC
S,0.6153846153846154,NC
S,0.5628415300546448,NC
F,0.7158469945355191,NC
-,0.0,NC
V,0.5901639344262295,NC
M,0.9510869565217391,C
Y,0.9945652173913043,C
T,0.9783783783783784,C
V,0.9408602150537635,C
G,0.9946236559139785,C
Y,0.967741935483871,C
S,0.9354838709677419,C
L,0.7419354838709677,NC
S,0.9838709677419355,C
L,0.989247311827957,C
G,0.5645161290322581,NC
A,0.918918918918919,C
L,0.9945652173913043,C
L,0.6032608695652174,NC
L,0.9890710382513661,C
A,1.0,C
L,0.9890710382513661,C
A,0.5355191256830601,NC
I,0.6793478260869565,NC
L,0.9836956521739131,C
L,0.532608695652174,NC
G,0.6594594594594595,NC
F,0.572972972972973,NC
-,0.0,NC
-,0.0,NC
-,0.0,NC
-,0.0,NC
-,0.0,NC
-,0.0,NC
-,0.0,NC
-,0.0,NC
-,0.0,NC
-,0.0,NC
-,0.0,NC
-,0.0,NC
-,0.0,NC
-,0.0,NC
-,0.0,NC
-,0.0,NC
-,0.0,NC
-,0.0,NC
-,0.0,NC
-,0.0,NC
-,0.0,NC
-,0.0,NC
-,0.0,NC
-,0.0,NC
-,0.0,NC
-,0.0,NC
-,0.0,NC
-,0.0,NC
-,0.0,NC
S,0.6054054054054054,NC
K,0.9417989417989417,C
L,0.9947089947089947,C
H,0.9470899470899471,C
C,0.9947089947089947,C
M,0.5343915343915344,NC
R,0.9947089947089947,C
N,0.9947089947089947,C
Y,0.5608465608465608,NC
I,0.9841269841269841,C
H,1.0,C
M,0.6296296296296297,NC
N,0.9947089947089947,C
L,1.0,C
F,0.9947089947089947,C
A,0.8306878306878307,NC
S,0.9947089947089947,C
F,1.0,C
I,0.5425531914893617,NC
L,0.9680851063829787,C
K,0.6349206349206349,NC
A,0.7883597883597884,NC
-,0.0,NC
S,0.9788359788359788,C
V,0.7195767195767195,NC
L,0.9894179894179894,C
V,0.5608465608465608,NC
I,0.6137566137566137,NC
D,0.9947089947089947,C
A,0.5661375661375662,NC
L,0.9153439153439153,C
L,0.8941798941798942,NC
-,0.0,NC
T,0.6861702127659575,NC
R,0.5401069518716578,NC
Y,0.6684491978609626,NC
S,0.75,NC
Q,0.7021276595744681,NC
K,0.5347593582887701,NC
-,0.0,NC
I,0.7182320441988951,NC
G,0.5753424657534246,NC
-,0.0,NC
-,0.0,NC
-,0.0,NC
-,0.0,NC
-,0.0,NC
D,0.6648351648351648,NC
D,0.8232044198895028,NC
-,0.0,NC
-,0.0,NC
-,0.0,NC
-,0.0,NC
-,0.0,NC
-,0.0,NC
V,0.8540540540540541,NC
-,0.0,NC
-,0.0,NC
-,0.0,NC
-,0.0,NC
-,0.0,NC
W,0.6810810810810811,NC
L,0.65,NC
S,0.6685082872928176,NC
D,0.6077348066298343,NC
-,0.0,NC
-,0.0,NC
-,0.0,NC
-,0.0,NC
A,0.6290322580645161,NC
-,0.0,NC
A,0.6382978723404256,NC
G,0.8085106382978723,NC
C,0.9894179894179894,C
R,0.9576719576719577,C
V,0.5079365079365079,NC
A,0.9841269841269841,C
-,0.0,NC
V,0.9629629629629629,C
F,0.5502645502645502,NC
M,0.9841269841269841,C
Q,0.9523809523809523,C
Y,0.9842105263157894,C
G,0.6368421052631579,NC
I,0.7037037037037037,NC
V,0.5767195767195767,NC
A,0.9841269841269841,C
N,0.9893617021276596,C
Y,0.6595744680851063,NC
C,0.6170212765957447,NC
W,0.9946808510638298,C
L,0.9893048128342246,C
L,0.9732620320855615,C
V,0.9627659574468085,C
E,0.9946808510638298,C
G,0.9946808510638298,C
I,0.5425531914893617,NC
Y,0.9680851063829787,C
L,0.9840425531914894,C
H,0.898936170212766,NC
N,0.6117021276595744,NC
L,0.9840425531914894,C
L,0.9787234042553191,C
V,0.5478723404255319,NC
-,0.0,NC
A,0.6170212765957447,NC
V,0.5585106382978723,NC
F,0.6808510638297872,NC
-,0.0,NC
E,0.9468085106382979,C
R,0.873015873015873,NC
S,0.6363636363636364,NC
Y,0.5645161290322581,NC
F,0.956989247311828,C
-,0.0,NC
L,0.6236559139784946,NC
Y,0.9946236559139785,C
L,0.9037433155080213,C
C,0.5454545454545454,NC
I,0.9572192513368984,C
G,0.9840425531914894,C
W,0.9840425531914894,C
G,0.9946808510638298,C
A,0.7272727272727273,NC
P,0.973404255319149,C
-,0.0,NC
L,0.6666666666666666,NC
F,0.9623655913978495,C
-,0.0,NC
-,0.0,NC
P,0.9891891891891892,C
W,0.9782608695652174,C
V,0.6229508196721312,NC
V,0.644808743169399,NC
V,0.7955801104972375,NC
K,0.9392265193370166,C
-,0.0,NC
L,0.8895027624309392,NC
Y,0.5248618784530387,NC
E,0.9835164835164835,C
N,0.967391304347826,C
I,0.5297297297297298,NC
Q,0.6203208556149733,NC
C,0.9946808510638298,C
W,0.9893617021276596,C
-,0.0,NC
-,0.0,NC
N,0.9732620320855615,C
-,0.0,NC
-,0.0,NC
N,0.9042553191489362,C
M,0.9946808510638298,C
G,0.5585106382978723,NC
F,0.6648936170212766,NC
W,0.9946808510638298,C
W,0.9946808510638298,C
I,0.9893617021276596,C
L,0.5797872340425532,NC
R,0.9946808510638298,C
F,0.5212765957446809,NC
P,0.9521276595744681,C
V,0.6436170212765957,NC
F,0.6382978723404256,NC
L,0.9414893617021277,C
A,0.9414893617021277,C
I,0.656084656084656,NC
L,0.708994708994709,NC
I,0.9947089947089947,C
N,0.9947089947089947,C
F,0.9259259259259259,C
F,0.6613756613756614,NC
I,0.9841269841269841,C
F,0.9947089947089947,C
I,0.7936507936507936,NC
R,0.656084656084656,NC
I,0.873015873015873,NC
I,0.656084656084656,NC
-,0.0,NC
I,0.6772486772486772,NC
L,0.9947089947089947,C
V,0.8465608465608465,NC
S,0.5767195767195767,NC
K,0.9947089947089947,C
L,0.9894179894179894,C
R,0.8888888888888888,NC
A,0.9894179894179894,C
H,0.7195767195767195,NC
Q,0.9788359788359788,C
M,0.9841269841269841,C
R,0.7936507936507936,NC
Y,0.873015873015873,NC
T,0.8095238095238095,NC
D,0.9947089947089947,C
-,0.0,NC
-,0.0,NC
-,0.0,NC
-,0.0,NC
Y,0.9576719576719577,C
K,0.9894179894179894,C
F,0.8994708994708994,NC
R,0.9946808510638298,C
L,0.9946524064171123,C
A,0.9946524064171123,C
K,0.9251336898395722,C
S,0.9946524064171123,C
T,0.9946524064171123,C
L,0.9946524064171123,C
T,0.983957219251337,C
L,0.9946524064171123,C
I,0.9732620320855615,C
P,0.973404255319149,C
L,0.9893617021276596,C
L,0.9946808510638298,C
G,0.9946808510638298,C
I,0.5585106382978723,NC
H,0.9946808510638298,C
E,0.6702127659574468,NC
V,0.8936170212765957,NC
V,0.824468085106383,NC
F,0.9627659574468085,C
A,0.6702127659574468,NC
F,0.9680851063829787,C
V,0.824468085106383,NC
T,0.9042553191489362,C
-,0.0,NC
-,0.0,NC
D,0.9521276595744681,C
E,0.9946808510638298,C
H,0.5691489361702128,NC
A,0.6542553191489362,NC
Q,0.6595744680851063,NC
G,0.7978723404255319,NC
T,0.8138297872340425,NC
L,0.9787234042553191,C
R,0.9680851063829787,C
-,0.0,NC
-,0.0,NC
K,0.9521276595744681,C
L,0.9893617021276596,C
F,0.9840425531914894,C
F,0.6702127659574468,NC
D,0.9574468085106383,C
L,0.9946808510638298,C
F,0.9627659574468085,C
L,0.6170212765957447,NC
S,0.851063829787234,NC
S,0.9947089947089947,C
F,0.9947089947089947,C
Q,0.9946808510638298,C
G,1.0,C
L,0.7640449438202247,NC
L,0.9831460674157303,C
V,0.9830508474576272,C
A,0.9887005649717514,C
I,0.6067415730337079,NC
L,0.9831460674157303,C
Y,0.9775280898876404,C
C,0.9943820224719101,C
F,0.9775280898876404,C
V,0.5511363636363636,NC
N,0.9715909090909091,C
K,0.9602272727272727,C
E,0.9719101123595506,C
V,0.9891891891891892,C
Q,0.9402173913043478,C
S,0.7135135135135136,NC
E,0.9565217391304348,C
L,0.632768361581921,NC
L,0.7401129943502824,NC
K,0.5875706214689266,NC
-,0.0,NC
W,0.9887005649717514,C
-,0.0,NC
R,0.96045197740113,C
W,0.9887005649717514,C
K,0.5480225988700564,NC
L,0.659217877094972,NC
-,0.0,NC
G,0.9664804469273743,C
-,0.0,NC
-,0.0,NC
-,0.0,NC
-,0.0,NC
L,0.5423728813559322,NC
-,0.0,NC
E,0.8693181818181818,NC
E,0.8579545454545454,NC
-,0.0,NC
-,0.0,NC
-,0.0,NC
-,0.0,NC
-,0.0,NC
-,0.0,NC
-,0.0,NC
-,0.0,NC
Y,0.9117647058823529,C
R,0.6966292134831461,NC
-,0.0,NC
-,0.0,NC
-,0.0,NC
-,0.0,NC
-,0.0,NC
H,0.7303370786516854,NC
T,0.7257142857142858,NC
-,0.0,NC
Y,0.5344827586206896,NC
-,0.0,NC
-,0.0,NC
-,0.0,NC
-,0.0,NC
-,0.0,NC
S,0.7840909090909091,NC
H,0.5085714285714286,NC
-,0.0,NC
-,0.0,NC
-,0.0,NC
-,0.0,NC
-,0.0,NC
-,0.0,NC
-,0.0,NC
-,0.0,NC
-,0.0,NC
-,0.0,NC
-,0.0,NC
-,0.0,NC
-,0.0,NC
-,0.0,NC
-,0.0,NC
-,0.0,NC
-,0.0,NC
-,0.0,NC
-,0.0,NC
-,0.0,NC
-,0.0,NC
-,0.0,NC
-,0.0,NC
-,0.0,NC
-,0.0,NC
P,0.7102272727272727,NC
-,0.0,NC
E,0.7828571428571428,NC
K,0.6571428571428571,NC
-,0.0,NC
-,0.0,NC
L,0.9005524861878453,C
V,0.580110497237569,NC
-,0.0,NC
-,0.0,NC
-,0.0,NC
-,0.0,NC
-,0.0,NC
-,0.0,NC
-,0.0,NC
-,0.0,NC
-,0.0,NC
-,0.0,NC
-,0.0,NC
G,0.5494505494505495,NC
-,0.0,NC
-,0.0,NC
-,0.0,NC
-,0.0,NC
-,0.0,NC
-,0.0,NC
-,0.0,NC
-,0.0,NC
-,0.0,NC
-,0.0,NC
-,0.0,NC
-,0.0,NC
-,0.0,NC
-,0.0,NC
N,0.8245614035087719,NC
G,0.9171597633136095,C
-,0.0,NC
-,0.0,NC
-,0.0,NC
-,0.0,NC
-,0.0,NC
-,0.0,NC
-,0.0,NC
-,0.0,NC
-,0.0,NC
-,0.0,NC
-,0.0,NC
-,0.0,NC
-,0.0,NC
-,0.0,NC
-,0.0,NC
E,0.7676767676767676,NC
-,0.0,NC
T,0.5670103092783505,NC
-,0.0,NC
-,0.0,NC
-,0.0,NC
-,0.0,NC
-,0.0,NC
-,0.0,NC
-,0.0,NC
S,0.5909090909090909,NC
-,0.0,NC
-,0.0,NC
-,0.0,NC
-,0.0,NC
-,0.0,NC
-,0.0,NC
-,0.0,NC
-,0.0,NC
-,0.0,NC
-,0.0,NC
-,0.0,NC
-,0.0,NC
-,0.0,NC
-,0.0,NC
-,0.0,NC
-,0.0,NC
-,0.0,NC
-,0.0,NC
-,0.0,NC
-,0.0,NC
-,0.0,NC
-,0.0,NC
-,0.0,NC
-,0.0,NC
L,0.5485714285714286,NC
-,0.0,NC
-,0.0,NC
-,0.0,NC
-,0.0,NC
-,0.0,NC
-,0.0,NC
-,0.0,NC
-,0.0,NC
-,0.0,NC
P,0.6494252873563219,NC
-,0.0,NC
-,0.0,NC
-,0.0,NC
-,0.0,NC
-,0.0,NC
-,0.0,NC
-,0.0,NC
-,0.0,NC
A,0.6079545454545454,NC
-,0.0,NC
-,0.0,NC
-,0.0,NC
-,0.0,NC
-,0.0,NC
-,0.0,NC
-,0.0,NC
-,0.0,NC
E,0.8160919540229885,NC
S,0.7471264367816092,NC
-,0.0,NC
-,0.0,NC
-,0.0,NC
-,0.0,NC
-,0.0,NC
-,0.0,NC
-,0.0,NC
