residue_ghrhr,frequency_ghrhr,status_ghrhr
M,0.8076923076923077,NC
D,0.5038167938931297,NC
-,0.0,NC
-,0.0,NC
-,0.0,NC
-,0.0,NC
-,0.0,NC
-,0.0,NC
-,0.0,NC
-,0.0,NC
-,0.0,NC
-,0.0,NC
-,0.0,NC
-,0.0,NC
-,0.0,NC
-,0.0,NC
-,0.0,NC
-,0.0,NC
-,0.0,NC
-,0.0,NC
-,0.0,NC
-,0.0,NC
-,0.0,NC
-,0.0,NC
-,0.0,NC
-,0.0,NC
-,0.0,NC
-,0.0,NC
-,0.0,NC
-,0.0,NC
-,0.0,NC
-,0.0,NC
-,0.0,NC
-,0.0,NC
-,0.0,NC
-,0.0,NC
-,0.0,NC
-,0.0,NC
-,0.0,NC
-,0.0,NC
-,0.0,NC
-,0.0,NC
-,0.0,NC
-,0.0,NC
-,0.0,NC
-,0.0,NC
-,0.0,NC
-,0.0,NC
-,0.0,NC
-,0.0,NC
-,0.0,NC
-,0.0,NC
-,0.0,NC
-,0.0,NC
-,0.0,NC
-,0.0,NC
-,0.0,NC
-,0.0,NC
-,0.0,NC
-,0.0,NC
-,0.0,NC
-,0.0,NC
-,0.0,NC
-,0.0,NC
A,0.6213592233009708,NC
-,0.0,NC
-,0.0,NC
-,0.0,NC
-,0.0,NC
-,0.0,NC
-,0.0,NC
-,0.0,NC
-,0.0,NC
-,0.0,NC
-,0.0,NC
-,0.0,NC
-,0.0,NC
-,0.0,NC
-,0.0,NC
-,0.0,NC
-,0.0,NC
-,0.0,NC
L,0.6283783783783784,NC
C,0.5174825174825175,NC
-,0.0,NC
-,0.0,NC
-,0.0,NC
-,0.0,NC
-,0.0,NC
-,0.0,NC
-,0.0,NC
-,0.0,NC
-,0.0,NC
-,0.0,NC
L,0.8057553956834532,NC
-,0.0,NC
-,0.0,NC
-,0.0,NC
-,0.0,NC
-,0.0,NC
-,0.0,NC
-,0.0,NC
-,0.0,NC
-,0.0,NC
-,0.0,NC
-,0.0,NC
-,0.0,NC
-,0.0,NC
-,0.0,NC
-,0.0,NC
-,0.0,NC
V,0.7307692307692307,NC
-,0.0,NC
-,0.0,NC
-,0.0,NC
-,0.0,NC
-,0.0,NC
-,0.0,NC
-,0.0,NC
L,0.5597826086956522,NC
-,0.0,NC
-,0.0,NC
G,0.7043010752688172,NC
-,0.0,NC
-,0.0,NC
-,0.0,NC
-,0.0,NC
-,0.0,NC
-,0.0,NC
-,0.0,NC
V,0.5425531914893617,NC
H,0.9259259259259259,C
P,0.9788359788359788,C
-,0.0,NC
-,0.0,NC
E,0.9526315789473684,C
C,0.9894736842105263,C
D,0.6736842105263158,NC
F,0.5947368421052631,NC
-,0.0,NC
-,0.0,NC
-,0.0,NC
-,0.0,NC
-,0.0,NC
-,0.0,NC
-,0.0,NC
I,0.6631578947368421,NC
-,0.0,NC
-,0.0,NC
T,0.531578947368421,NC
Q,0.6595744680851063,NC
-,0.0,NC
L,0.9574468085106383,C
-,0.0,NC
-,0.0,NC
-,0.0,NC
E,0.9844559585492227,C
-,0.0,NC
-,0.0,NC
C,1.0,C
L,0.9635416666666666,C
Q,0.59375,NC
-,0.0,NC
-,0.0,NC
E,0.6302083333333334,NC
E,0.53125,NC
-,0.0,NC
-,0.0,NC
-,0.0,NC
-,0.0,NC
-,0.0,NC
-,0.0,NC
-,0.0,NC
-,0.0,NC
-,0.0,NC
-,0.0,NC
-,0.0,NC
-,0.0,NC
-,0.0,NC
-,0.0,NC
-,0.0,NC
-,0.0,NC
-,0.0,NC
-,0.0,NC
-,0.0,NC
-,0.0,NC
-,0.0,NC
-,0.0,NC
-,0.0,NC
-,0.0,NC
-,0.0,NC
-,0.0,NC
-,0.0,NC
-,0.0,NC
-,0.0,NC
-,0.0,NC
-,0.0,NC
-,0.0,NC
-,0.0,NC
-,0.0,NC
-,0.0,NC
-,0.0,NC
-,0.0,NC
-,0.0,NC
-,0.0,NC
-,0.0,NC
-,0.0,NC
-,0.0,NC
-,0.0,NC
-,0.0,NC
-,0.0,NC
-,0.0,NC
-,0.0,NC
-,0.0,NC
N,0.9791666666666666,C
-,0.0,NC
T,0.8,NC
-,0.0,NC
-,0.0,NC
-,0.0,NC
G,0.9180327868852459,C
C,1.0,C
-,0.0,NC
R,0.532967032967033,NC
T,0.5869565217391305,NC
W,1.0,C
D,0.9837837837837838,C
-,0.0,NC
L,0.7297297297297297,NC
-,0.0,NC
L,0.7243243243243244,NC
C,0.9891891891891892,C
W,0.9891891891891892,C
P,0.9731182795698925,C
-,0.0,NC
A,0.8494623655913979,NC
-,0.0,NC
-,0.0,NC
G,0.967741935483871,C
E,0.8333333333333334,NC
-,0.0,NC
V,0.6666666666666666,NC
-,0.0,NC
L,0.7119565217391305,NC
P,0.6594594594594595,NC
C,0.9945945945945946,C
P,0.9946524064171123,C
-,0.0,NC
-,0.0,NC
F,0.7150537634408602,NC
S,0.7419354838709677,NC
H,0.6397849462365591,NC
F,0.9251336898395722,C
-,0.0,NC
-,0.0,NC
-,0.0,NC
-,0.0,NC
-,0.0,NC
-,0.0,NC
-,0.0,NC
-,0.0,NC
-,0.0,NC
-,0.0,NC
-,0.0,NC
-,0.0,NC
-,0.0,NC
-,0.0,NC
-,0.0,NC
-,0.0,NC
-,0.0,NC
-,0.0,NC
-,0.0,NC
-,0.0,NC
-,0.0,NC
-,0.0,NC
-,0.0,NC
-,0.0,NC
-,0.0,NC
E,0.6256684491978609,NC
P,0.531578947368421,NC
G,1.0,C
-,0.0,NC
V,0.9076923076923077,C
K,0.5487179487179488,NC
R,0.9948717948717949,C
N,0.5333333333333333,NC
C,0.9948717948717949,C
T,0.9897435897435898,C
-,0.0,NC
-,0.0,NC
G,1.0,C
-,0.0,NC
W,1.0,C
S,0.979381443298969,C
-,0.0,NC
-,0.0,NC
-,0.0,NC
-,0.0,NC
-,0.0,NC
P,0.9226804123711341,C
F,0.9076923076923077,C
P,0.9897435897435898,C
-,0.0,NC
P,0.8769230769230769,NC
Y,0.9794871794871794,C
-,0.0,NC
-,0.0,NC
A,0.9949494949494949,C
C,0.9949494949494949,C
P,0.7171717171717171,NC
V,0.9390862944162437,C
-,0.0,NC
D,0.5230769230769231,NC
E,0.7282051282051282,NC
-,0.0,NC
P,0.5025641025641026,NC
-,0.0,NC
-,0.0,NC
-,0.0,NC
-,0.0,NC
-,0.0,NC
-,0.0,NC
E,0.735632183908046,NC
E,0.9637305699481865,C
-,0.0,NC
S,0.9336734693877551,C
Y,0.9848484848484849,C
-,0.0,NC
F,0.9696969696969697,C
S,0.696969696969697,NC
T,0.8838383838383839,NC
V,0.7461928934010152,NC
K,0.8629441624365483,NC
I,0.6111111111111112,NC
I,0.8787878787878788,NC
Y,1.0,C
T,0.9746192893401016,C
-,0.0,NC
G,0.9949494949494949,C
Y,0.5505050505050505,NC
S,0.9045226130653267,C
I,0.507537688442211,NC
S,0.9899497487437185,C
-,0.0,NC
-,0.0,NC
-,0.0,NC
L,0.9899497487437185,C
-,0.0,NC
V,0.5678391959798995,NC
A,0.9849246231155779,C
V,0.5226130653266332,NC
-,0.0,NC
I,0.6868686868686869,NC
L,1.0,C
-,0.0,NC
A,0.6616161616161617,NC
F,0.5404040404040404,NC
-,0.0,NC
-,0.0,NC
-,0.0,NC
-,0.0,NC
-,0.0,NC
-,0.0,NC
-,0.0,NC
-,0.0,NC
-,0.0,NC
-,0.0,NC
-,0.0,NC
-,0.0,NC
-,0.0,NC
-,0.0,NC
-,0.0,NC
-,0.0,NC
-,0.0,NC
-,0.0,NC
-,0.0,NC
-,0.0,NC
-,0.0,NC
-,0.0,NC
-,0.0,NC
-,0.0,NC
-,0.0,NC
-,0.0,NC
-,0.0,NC
-,0.0,NC
-,0.0,NC
R,1.0,C
R,0.9246231155778895,C
L,1.0,C
R,0.5125628140703518,NC
C,1.0,C
P,0.7185929648241206,NC
R,1.0,C
N,1.0,C
Y,0.8040201005025126,NC
I,0.8994974874371859,NC
H,1.0,C
-,0.0,NC
Q,0.9748743718592965,C
L,1.0,C
F,1.0,C
-,0.0,NC
T,0.9396984924623115,C
F,1.0,C
I,0.964824120603015,C
L,0.9899497487437185,C
K,0.9949748743718593,C
A,0.875,NC
-,0.0,NC
A,0.965,C
V,0.755,NC
F,0.99,C
I,0.505,NC
K,0.975,C
D,1.0,C
A,0.915,C
-,0.0,NC
L,0.97,C
F,0.97,C
-,0.0,NC
-,0.0,NC
-,0.0,NC
-,0.0,NC
-,0.0,NC
-,0.0,NC
-,0.0,NC
-,0.0,NC
-,0.0,NC
-,0.0,NC
-,0.0,NC
-,0.0,NC
-,0.0,NC
-,0.0,NC
E,0.535,NC
D,0.635,NC
T,0.625,NC
-,0.0,NC
-,0.0,NC
-,0.0,NC
-,0.0,NC
D,0.76,NC
-,0.0,NC
-,0.0,NC
-,0.0,NC
-,0.0,NC
-,0.0,NC
-,0.0,NC
H,0.915,C
-,0.0,NC
C,1.0,C
S,0.68,NC
F,0.685,NC
-,0.0,NC
-,0.0,NC
-,0.0,NC
S,1.0,C
T,0.99,C
-,0.0,NC
-,0.0,NC
C,0.9847715736040609,C
K,0.9897959183673469,C
-,0.0,NC
S,0.9794871794871794,C
V,0.9794871794871794,C
V,0.5076923076923077,NC
F,0.558974358974359,NC
C,0.5282051282051282,NC
H,0.9540816326530612,C
Y,0.5612244897959183,NC
-,0.0,NC
-,0.0,NC
M,0.9746192893401016,C
T,0.7766497461928934,NC
N,0.9898477157360406,C
F,0.9949238578680203,C
-,0.0,NC
W,0.9949238578680203,C
L,0.9949238578680203,C
L,0.9644670050761421,C
V,0.649746192893401,NC
E,0.9949238578680203,C
A,1.0,C
L,0.5230769230769231,NC
Y,0.9897435897435898,C
L,0.9948717948717949,C
N,0.5561224489795918,NC
C,0.6938775510204082,NC
L,0.9948979591836735,C
L,0.9897959183673469,C
L,0.5025641025641026,NC
S,0.9641025641025641,C
S,0.5204081632653061,NC
-,0.0,NC
P,0.5357142857142857,NC
H,0.5051020408163265,NC
-,0.0,NC
R,0.8666666666666667,NC
R,0.8469387755102041,NC
-,0.0,NC
F,0.7128205128205128,NC
W,0.9846153846153847,C
W,0.6923076923076923,NC
L,0.7461928934010152,NC
V,0.7157360406091371,NC
L,0.949238578680203,C
-,0.0,NC
G,0.9441624365482234,C
W,0.9797979797979798,C
G,0.9949748743718593,C
-,0.0,NC
P,0.9849246231155779,C
-,0.0,NC
L,0.7286432160804021,NC
F,0.8894472361809045,NC
T,0.6934673366834171,NC
-,0.0,NC
-,0.0,NC
W,0.9949238578680203,C
I,0.5431472081218274,NC
G,0.5050505050505051,NC
-,0.0,NC
K,0.7336683417085427,NC
-,0.0,NC
Y,0.5025125628140703,NC
F,0.9696969696969697,C
E,0.9849246231155779,C
D,0.9646464646464646,C
T,0.5858585858585859,NC
A,0.645,NC
C,0.9949494949494949,C
W,1.0,C
D,0.98989898989899,C
-,0.0,NC
N,0.5252525252525253,NC
-,0.0,NC
-,0.0,NC
-,0.0,NC
S,1.0,C
P,0.9797979797979798,C
Y,0.9848484848484849,C
W,0.9949494949494949,C
W,1.0,C
I,0.7222222222222222,NC
I,0.9646464646464646,C
K,0.9646464646464646,C
G,0.9949494949494949,C
P,0.9949494949494949,C
I,0.98989898989899,C
V,0.6666666666666666,NC
-,0.0,NC
S,0.9949494949494949,C
V,0.7222222222222222,NC
G,0.7676767676767676,NC
V,0.9796954314720813,C
N,0.9695431472081218,C
F,1.0,C
-,0.0,NC
L,1.0,C
F,0.9847715736040609,C
-,0.0,NC
N,1.0,C
I,1.0,C
I,0.9390862944162437,C
R,0.9494949494949495,C
I,0.9848484848484849,C
L,0.98989898989899,C
L,0.6515151515151515,NC
-,0.0,NC
K,1.0,C
L,0.9949748743718593,C
-,0.0,NC
P,0.9547738693467337,C
R,0.5477386934673367,NC
Q,0.7236180904522613,NC
I,0.5376884422110553,NC
-,0.0,NC
F,0.5628140703517588,NC
N,0.5527638190954773,NC
N,0.5628140703517588,NC
S,0.5477386934673367,NC
-,0.0,NC
S,0.7386934673366834,NC
Q,0.9547738693467337,C
Y,0.9849246231155779,C
R,0.5888324873096447,NC
-,0.0,NC
R,0.9848484848484849,C
L,0.9797979797979798,C
S,0.7085427135678392,NC
K,0.7587939698492462,NC
S,0.9798994974874372,C
T,0.9798994974874372,C
L,0.9849246231155779,C
L,0.8592964824120602,NC
L,0.9848484848484849,C
I,0.9747474747474747,C
P,0.9949494949494949,C
L,0.9848484848484849,C
F,0.9797979797979798,C
G,0.9899497487437185,C
T,0.5527638190954773,NC
H,0.9597989949748744,C
Y,0.9849246231155779,C
I,0.5829145728643216,NC
-,0.0,NC
F,0.9747474747474747,C
N,0.9393939393939394,C
F,0.9949494949494949,C
L,0.9797979797979798,C
P,0.9949494949494949,C
-,0.0,NC
-,0.0,NC
D,0.7193877551020408,NC
Y,0.5151515151515151,NC
-,0.0,NC
-,0.0,NC
-,0.0,NC
-,0.0,NC
-,0.0,NC
-,0.0,NC
L,0.7061855670103093,NC
G,0.6432160804020101,NC
-,0.0,NC
R,0.9849246231155779,C
L,0.8994974874371859,NC
-,0.0,NC
L,0.7575757575757576,NC
E,0.98989898989899,C
L,0.9949748743718593,C
C,0.542713567839196,NC
L,0.5226130653266332,NC
G,0.9849246231155779,C
S,0.9899497487437185,C
F,0.9849246231155779,C
Q,0.9899497487437185,C
G,0.9844559585492227,C
F,0.7202072538860104,NC
I,0.7589743589743589,NC
V,0.9690721649484536,C
A,0.9690721649484536,C
I,0.520618556701031,NC
L,0.9690721649484536,C
Y,0.9740932642487047,C
C,0.9740932642487047,C
F,0.9844559585492227,C
L,0.9738219895287958,C
N,0.9738219895287958,C
Q,0.9427083333333334,C
E,0.9740932642487047,C
V,0.9692307692307692,C
Q,0.5230769230769231,NC
T,0.5989583333333334,NC
E,0.9585492227979274,C
I,0.7329842931937173,NC
-,0.0,NC
R,0.7172774869109948,NC
-,0.0,NC
-,0.0,NC
-,0.0,NC
R,0.7578947368421053,NC
W,0.9526315789473684,C
H,0.5625,NC
-,0.0,NC
G,0.6910994764397905,NC
-,0.0,NC
-,0.0,NC
-,0.0,NC
-,0.0,NC
Y,0.5103092783505154,NC
-,0.0,NC
L,0.6580310880829016,NC
-,0.0,NC
P,0.7105263157894737,NC
-,0.0,NC
A,0.5642857142857143,NC
W,0.55,NC
-,0.0,NC
-,0.0,NC
-,0.0,NC
-,0.0,NC
-,0.0,NC
-,0.0,NC
R,0.8723404255319149,NC
-,0.0,NC
-,0.0,NC
-,0.0,NC
R,0.5428571428571428,NC
-,0.0,NC
T,0.572463768115942,NC
-,0.0,NC
-,0.0,NC
-,0.0,NC
-,0.0,NC
W,0.9632352941176471,C
T,0.9037037037037037,C
-,0.0,NC
-,0.0,NC
P,0.9197860962566845,C
-,0.0,NC
-,0.0,NC
-,0.0,NC
-,0.0,NC
-,0.0,NC
-,0.0,NC
-,0.0,NC
-,0.0,NC
-,0.0,NC
-,0.0,NC
-,0.0,NC
-,0.0,NC
-,0.0,NC
-,0.0,NC
-,0.0,NC
-,0.0,NC
-,0.0,NC
-,0.0,NC
-,0.0,NC
-,0.0,NC
-,0.0,NC
-,0.0,NC
-,0.0,NC
-,0.0,NC
-,0.0,NC
-,0.0,NC
-,0.0,NC
-,0.0,NC
-,0.0,NC
-,0.0,NC
-,0.0,NC
-,0.0,NC
-,0.0,NC
-,0.0,NC
-,0.0,NC
S,0.6170212765957447,NC
-,0.0,NC
-,0.0,NC
-,0.0,NC
-,0.0,NC
-,0.0,NC
-,0.0,NC
-,0.0,NC
-,0.0,NC
-,0.0,NC
-,0.0,NC
-,0.0,NC
-,0.0,NC
-,0.0,NC
S,0.6595744680851063,NC
-,0.0,NC
-,0.0,NC
-,0.0,NC
-,0.0,NC
-,0.0,NC
-,0.0,NC
-,0.0,NC
-,0.0,NC
-,0.0,NC
-,0.0,NC
-,0.0,NC
G,0.6984126984126984,NC
-,0.0,NC
-,0.0,NC
-,0.0,NC
-,0.0,NC
-,0.0,NC
-,0.0,NC
-,0.0,NC
-,0.0,NC
-,0.0,NC
-,0.0,NC
-,0.0,NC
K,0.6595744680851063,NC
-,0.0,NC
-,0.0,NC
-,0.0,NC
-,0.0,NC
-,0.0,NC
-,0.0,NC
-,0.0,NC
-,0.0,NC
-,0.0,NC
-,0.0,NC
-,0.0,NC
-,0.0,NC
-,0.0,NC
-,0.0,NC
-,0.0,NC
-,0.0,NC
-,0.0,NC
-,0.0,NC
-,0.0,NC
-,0.0,NC
-,0.0,NC
-,0.0,NC
-,0.0,NC
-,0.0,NC
-,0.0,NC
-,0.0,NC
-,0.0,NC
-,0.0,NC
-,0.0,NC
-,0.0,NC
-,0.0,NC
-,0.0,NC
-,0.0,NC
-,0.0,NC
-,0.0,NC
-,0.0,NC
-,0.0,NC
-,0.0,NC
-,0.0,NC
-,0.0,NC
-,0.0,NC
-,0.0,NC
-,0.0,NC
-,0.0,NC
-,0.0,NC
-,0.0,NC
-,0.0,NC
-,0.0,NC
-,0.0,NC
-,0.0,NC
-,0.0,NC
-,0.0,NC
-,0.0,NC
-,0.0,NC
-,0.0,NC
-,0.0,NC
-,0.0,NC
M,0.5053763440860215,NC
-,0.0,NC
-,0.0,NC
-,0.0,NC
-,0.0,NC
-,0.0,NC
-,0.0,NC
-,0.0,NC
-,0.0,NC
-,0.0,NC
T,0.8709677419354839,NC
-,0.0,NC
-,0.0,NC
-,0.0,NC
S,0.6417112299465241,NC
-,0.0,NC
-,0.0,NC
C,0.9411764705882353,C
