residue_gipr,frequency_gipr,status_gipr
M,0.990909090909091,C
-,0.0,NC
-,0.0,NC
-,0.0,NC
-,0.0,NC
-,0.0,NC
-,0.0,NC
-,0.0,NC
-,0.0,NC
-,0.0,NC
-,0.0,NC
P,0.7058823529411765,NC
-,0.0,NC
-,0.0,NC
-,0.0,NC
-,0.0,NC
-,0.0,NC
-,0.0,NC
-,0.0,NC
-,0.0,NC
-,0.0,NC
-,0.0,NC
-,0.0,NC
-,0.0,NC
-,0.0,NC
-,0.0,NC
P,0.5411764705882353,NC
-,0.0,NC
-,0.0,NC
-,0.0,NC
-,0.0,NC
-,0.0,NC
-,0.0,NC
-,0.0,NC
-,0.0,NC
-,0.0,NC
-,0.0,NC
-,0.0,NC
-,0.0,NC
-,0.0,NC
-,0.0,NC
-,0.0,NC
-,0.0,NC
-,0.0,NC
-,0.0,NC
-,0.0,NC
-,0.0,NC
-,0.0,NC
-,0.0,NC
-,0.0,NC
-,0.0,NC
-,0.0,NC
-,0.0,NC
-,0.0,NC
-,0.0,NC
-,0.0,NC
-,0.0,NC
-,0.0,NC
-,0.0,NC
-,0.0,NC
-,0.0,NC
-,0.0,NC
-,0.0,NC
-,0.0,NC
L,0.6759259259259259,NC
-,0.0,NC
L,0.8849557522123894,NC
-,0.0,NC
-,0.0,NC
-,0.0,NC
-,0.0,NC
-,0.0,NC
-,0.0,NC
-,0.0,NC
L,0.9099099099099099,C
-,0.0,NC
-,0.0,NC
-,0.0,NC
-,0.0,NC
-,0.0,NC
-,0.0,NC
-,0.0,NC
L,0.5181818181818182,NC
L,0.8584070796460177,NC
-,0.0,NC
-,0.0,NC
-,0.0,NC
S,0.5647058823529412,NC
L,0.75,NC
W,0.8125,NC
G,0.675,NC
-,0.0,NC
-,0.0,NC
-,0.0,NC
L,0.6666666666666666,NC
L,0.8275862068965517,NC
R,0.5087719298245614,NC
-,0.0,NC
-,0.0,NC
R,0.6754385964912281,NC
-,0.0,NC
A,0.7767857142857143,NC
-,0.0,NC
-,0.0,NC
-,0.0,NC
-,0.0,NC
-,0.0,NC
-,0.0,NC
E,0.7456140350877193,NC
T,0.6444444444444445,NC
G,0.5862068965517241,NC
S,0.6776859504132231,NC
-,0.0,NC
-,0.0,NC
-,0.0,NC
-,0.0,NC
-,0.0,NC
-,0.0,NC
-,0.0,NC
-,0.0,NC
-,0.0,NC
-,0.0,NC
G,0.7622950819672131,NC
Q,0.5887096774193549,NC
-,0.0,NC
-,0.0,NC
T,0.8387096774193549,NC
-,0.0,NC
-,0.0,NC
-,0.0,NC
A,0.6825396825396826,NC
G,0.5772357723577236,NC
-,0.0,NC
-,0.0,NC
-,0.0,NC
-,0.0,NC
-,0.0,NC
E,0.6692913385826772,NC
L,0.627906976744186,NC
-,0.0,NC
-,0.0,NC
-,0.0,NC
-,0.0,NC
-,0.0,NC
-,0.0,NC
-,0.0,NC
Y,0.6412213740458015,NC
-,0.0,NC
-,0.0,NC
Q,0.6870229007633588,NC
R,0.6335877862595419,NC
-,0.0,NC
W,0.9923664122137404,C
E,0.6259541984732825,NC
R,0.7846153846153846,NC
Y,0.9847328244274809,C
R,0.8396946564885496,NC
R,0.5343511450381679,NC
E,0.8396946564885496,NC
C,0.9847328244274809,C
Q,0.5877862595419847,NC
E,0.5267175572519084,NC
T,0.5725190839694656,NC
L,0.6888888888888889,NC
-,0.0,NC
A,0.5447761194029851,NC
-,0.0,NC
-,0.0,NC
-,0.0,NC
-,0.0,NC
-,0.0,NC
-,0.0,NC
-,0.0,NC
-,0.0,NC
-,0.0,NC
-,0.0,NC
-,0.0,NC
-,0.0,NC
-,0.0,NC
-,0.0,NC
-,0.0,NC
-,0.0,NC
-,0.0,NC
-,0.0,NC
-,0.0,NC
-,0.0,NC
-,0.0,NC
-,0.0,NC
-,0.0,NC
-,0.0,NC
-,0.0,NC
-,0.0,NC
-,0.0,NC
-,0.0,NC
-,0.0,NC
-,0.0,NC
-,0.0,NC
-,0.0,NC
-,0.0,NC
-,0.0,NC
-,0.0,NC
-,0.0,NC
-,0.0,NC
-,0.0,NC
-,0.0,NC
-,0.0,NC
-,0.0,NC
-,0.0,NC
-,0.0,NC
-,0.0,NC
-,0.0,NC
-,0.0,NC
-,0.0,NC
P,0.6592592592592592,NC
P,0.837037037037037,NC
-,0.0,NC
G,0.9402985074626866,C
L,0.8296296296296296,NC
-,0.0,NC
-,0.0,NC
A,0.5925925925925926,NC
C,0.9925925925925926,C
N,0.762962962962963,NC
G,0.5481481481481482,NC
S,0.6277372262773723,NC
F,1.0,C
D,0.9927007299270073,C
M,0.8873239436619719,NC
Y,0.9859154929577465,C
-,0.0,NC
V,0.5874125874125874,NC
C,0.9929577464788732,C
W,1.0,C
D,0.5460992907801419,NC
Y,0.528169014084507,NC
-,0.0,NC
A,0.6223776223776224,NC
P,0.9440559440559441,C
N,1.0,C
-,0.0,NC
T,0.971830985915493,C
A,0.704225352112676,NC
R,0.6083916083916084,NC
A,0.5874125874125874,NC
S,0.6013986013986014,NC
C,0.993006993006993,C
P,1.0,C
W,0.9577464788732394,C
Y,0.9859154929577465,C
L,0.9929577464788732,C
P,0.9929577464788732,C
W,1.0,C
H,0.5774647887323944,NC
-,0.0,NC
H,0.5314685314685315,NC
-,0.0,NC
-,0.0,NC
-,0.0,NC
-,0.0,NC
-,0.0,NC
-,0.0,NC
-,0.0,NC
-,0.0,NC
-,0.0,NC
-,0.0,NC
-,0.0,NC
-,0.0,NC
-,0.0,NC
-,0.0,NC
-,0.0,NC
-,0.0,NC
-,0.0,NC
-,0.0,NC
-,0.0,NC
-,0.0,NC
-,0.0,NC
-,0.0,NC
V,0.9857142857142858,C
A,0.574468085106383,NC
-,0.0,NC
G,0.9929078014184397,C
F,0.8226950354609929,NC
V,0.9929078014184397,C
L,0.7801418439716312,NC
R,0.950354609929078,C
-,0.0,NC
C,0.9858156028368794,C
G,0.9574468085106383,C
S,0.5886524822695035,NC
D,0.950354609929078,C
G,0.9928571428571429,C
Q,0.8992805755395683,NC
W,0.9857142857142858,C
-,0.0,NC
-,0.0,NC
-,0.0,NC
-,0.0,NC
-,0.0,NC
-,0.0,NC
-,0.0,NC
G,0.6258992805755396,NC
P,0.5642857142857143,NC
W,0.9857142857142858,C
R,0.9710144927536232,C
D,0.9927536231884058,C
H,0.9420289855072463,C
S,0.7608695652173914,NC
Q,0.9927536231884058,C
C,1.0,C
E,0.7299270072992701,NC
N,0.5555555555555556,NC
P,0.6764705882352942,NC
E,0.6642335766423357,NC
K,0.5985401459854015,NC
N,0.5912408759124088,NC
-,0.0,NC
-,0.0,NC
-,0.0,NC
F,0.6716417910447762,NC
-,0.0,NC
-,0.0,NC
Q,0.5971223021582733,NC
D,0.5755395683453237,NC
Q,0.9136690647482014,C
R,0.5357142857142857,NC
L,0.6546762589928058,NC
I,0.7071428571428572,NC
-,0.0,NC
L,0.9280575539568345,C
E,0.7285714285714285,NC
R,0.6056338028169014,NC
L,0.6180555555555556,NC
Q,0.6344827586206897,NC
V,0.7793103448275862,NC
M,0.6095890410958904,NC
Y,0.9931506849315068,C
T,0.9794520547945206,C
V,0.8835616438356164,NC
G,0.9931506849315068,C
Y,0.9931506849315068,C
S,0.910958904109589,C
L,0.815068493150685,NC
S,0.9931506849315068,C
L,0.9383561643835616,C
A,0.7328767123287672,NC
T,0.5616438356164384,NC
L,0.9794520547945206,C
L,0.7123287671232876,NC
L,0.815068493150685,NC
A,0.9931506849315068,C
L,0.9246575342465754,C
L,0.6643835616438356,NC
I,0.8287671232876712,NC
L,1.0,C
S,0.5517241379310345,NC
-,0.0,NC
F,0.9583333333333334,C
-,0.0,NC
-,0.0,NC
-,0.0,NC
-,0.0,NC
-,0.0,NC
-,0.0,NC
-,0.0,NC
-,0.0,NC
-,0.0,NC
-,0.0,NC
-,0.0,NC
-,0.0,NC
-,0.0,NC
-,0.0,NC
-,0.0,NC
-,0.0,NC
-,0.0,NC
-,0.0,NC
-,0.0,NC
-,0.0,NC
-,0.0,NC
-,0.0,NC
-,0.0,NC
-,0.0,NC
-,0.0,NC
-,0.0,NC
-,0.0,NC
-,0.0,NC
-,0.0,NC
R,0.9172413793103448,C
R,0.6506849315068494,NC
L,1.0,C
R,0.6506849315068494,NC
C,1.0,C
T,0.9657534246575342,C
R,1.0,C
N,1.0,C
Y,0.9383561643835616,C
I,0.9794520547945206,C
H,1.0,C
I,0.5547945205479452,NC
N,0.9931506849315068,C
L,0.9931506849315068,C
F,1.0,C
-,0.0,NC
S,0.9931506849315068,C
F,0.9246575342465754,C
M,0.5753424657534246,NC
L,0.958904109589041,C
R,1.0,C
A,0.9931506849315068,C
A,0.6095890410958904,NC
A,0.678082191780822,NC
I,0.9794520547945206,C
L,0.9931506849315068,C
T,0.8013698630136986,NC
R,0.9657534246575342,C
D,1.0,C
R,0.5821917808219178,NC
L,0.9452054794520548,C
L,1.0,C
P,0.6232876712328768,NC
-,0.0,NC
P,0.5068493150684932,NC
G,0.5684931506849316,NC
P,0.7945205479452054,NC
-,0.0,NC
-,0.0,NC
-,0.0,NC
-,0.0,NC
-,0.0,NC
-,0.0,NC
-,0.0,NC
-,0.0,NC
-,0.0,NC
-,0.0,NC
Y,0.5474452554744526,NC
-,0.0,NC
G,0.7394366197183099,NC
-,0.0,NC
-,0.0,NC
-,0.0,NC
-,0.0,NC
D,0.8601398601398601,NC
Q,0.5422535211267606,NC
-,0.0,NC
-,0.0,NC
-,0.0,NC
-,0.0,NC
-,0.0,NC
-,0.0,NC
L,0.8357142857142857,NC
W,0.6,NC
N,0.5642857142857143,NC
Q,0.7361111111111112,NC
-,0.0,NC
-,0.0,NC
-,0.0,NC
A,0.8082191780821918,NC
L,0.7310344827586207,NC
A,0.6275862068965518,NC
A,0.5448275862068965,NC
C,0.9862068965517241,C
R,0.9444444444444444,C
T,0.5517241379310345,NC
A,0.9793103448275862,C
Q,1.0,C
I,0.5655172413793104,NC
-,0.0,NC
T,0.7272727272727273,NC
Q,0.9440559440559441,C
Y,1.0,C
C,0.986013986013986,C
V,0.993006993006993,C
G,0.9027777777777778,C
A,0.9513888888888888,C
N,0.9791666666666666,C
Y,0.9513888888888888,C
T,0.5972222222222222,NC
W,1.0,C
L,0.9861111111111112,C
L,0.9791666666666666,C
V,0.9375,C
E,1.0,C
G,1.0,C
-,0.0,NC
Y,0.9383561643835616,C
L,1.0,C
H,0.952054794520548,C
S,0.541095890410959,NC
L,0.9931506849315068,C
L,0.9862068965517241,C
V,0.8333333333333334,NC
L,0.8413793103448276,NC
V,0.5763888888888888,NC
G,0.5874125874125874,NC
G,0.5602836879432624,NC
S,0.9241379310344827,C
E,0.9166666666666666,C
-,0.0,NC
G,0.5664335664335665,NC
H,0.5902777777777778,NC
F,0.8888888888888888,NC
R,0.5694444444444444,NC
-,0.0,NC
Y,0.9652777777777778,C
L,0.8125,NC
L,0.7569444444444444,NC
L,0.6482758620689655,NC
G,0.9930555555555556,C
W,0.9930555555555556,C
G,0.9790209790209791,C
A,0.6433566433566433,NC
P,0.9861111111111112,C
A,0.5070422535211268,NC
L,0.9084507042253521,C
F,0.9574468085106383,C
V,0.9714285714285714,C
I,0.6524822695035462,NC
P,0.9859154929577465,C
W,0.9855072463768116,C
V,0.7299270072992701,NC
I,0.7956204379562044,NC
V,0.8489208633093526,NC
R,0.9640287769784173,C
Y,0.9071428571428571,C
L,0.9432624113475178,C
Y,0.75177304964539,NC
E,0.951048951048951,C
N,0.9300699300699301,C
T,0.8391608391608392,NC
Q,0.6137931034482759,NC
C,0.9647887323943662,C
W,0.9858156028368794,C
E,0.9858156028368794,C
R,0.7304964539007093,NC
N,0.9716312056737588,C
E,0.5357142857142857,NC
-,0.0,NC
-,0.0,NC
K,0.6357142857142857,NC
A,0.851063829787234,NC
I,0.6056338028169014,NC
W,0.9787234042553191,C
W,0.9716312056737588,C
I,0.9714285714285714,C
I,0.9714285714285714,C
R,0.9716312056737588,C
T,0.7801418439716312,NC
P,0.9858156028368794,C
I,0.9574468085106383,C
L,0.9507042253521126,C
-,0.0,NC
T,0.6126760563380281,NC
I,0.8943661971830986,NC
L,0.8391608391608392,NC
I,0.6433566433566433,NC
N,0.9929577464788732,C
F,0.9929577464788732,C
L,0.5633802816901409,NC
I,0.9295774647887324,C
F,0.9929577464788732,C
I,0.8028169014084507,NC
R,0.9929078014184397,C
I,0.9858156028368794,C
L,0.6595744680851063,NC
G,0.6382978723404256,NC
I,0.950354609929078,C
L,0.9716312056737588,C
V,0.5602836879432624,NC
S,0.9078014184397163,C
K,1.0,C
L,0.9432624113475178,C
R,0.7323943661971831,NC
T,0.5915492957746479,NC
R,0.5563380281690141,NC
Q,0.9788732394366197,C
M,0.9154929577464789,C
R,0.9440559440559441,C
C,0.6293706293706294,NC
-,0.0,NC
D,0.9790209790209791,C
-,0.0,NC
-,0.0,NC
-,0.0,NC
-,0.0,NC
Y,0.9370629370629371,C
R,0.6643356643356644,NC
L,0.6503496503496503,NC
R,0.9930555555555556,C
L,0.9931506849315068,C
A,1.0,C
R,0.6643835616438356,NC
S,0.9931506849315068,C
T,0.9863013698630136,C
L,1.0,C
T,0.9863013698630136,C
L,1.0,C
V,0.6232876712328768,NC
P,0.9863013698630136,C
L,1.0,C
L,1.0,C
G,1.0,C
V,0.6164383561643836,NC
H,1.0,C
E,0.9657534246575342,C
V,0.952054794520548,C
V,0.9319727891156463,C
F,0.9795918367346939,C
A,0.9387755102040817,C
P,0.6190476190476191,NC
V,0.7006802721088435,NC
T,0.8356164383561644,NC
-,0.0,NC
-,0.0,NC
E,0.9178082191780822,C
E,0.9183673469387755,C
Q,0.8571428571428571,NC
A,0.7278911564625851,NC
R,0.5306122448979592,NC
G,0.9863945578231292,C
-,0.0,NC
L,0.9178082191780822,C
R,0.910958904109589,C
-,0.0,NC
A,0.5034013605442177,NC
K,0.7210884353741497,NC
L,0.9387755102040817,C
-,0.0,NC
F,0.9251700680272109,C
E,0.8027210884353742,NC
I,0.5986394557823129,NC
F,0.8904109589041096,NC
L,0.7465753424657534,NC
S,0.7054794520547946,NC
S,0.9931506849315068,C
F,0.9315068493150684,C
Q,0.9931506849315068,C
G,0.9927536231884058,C
F,0.5289855072463768,NC
L,0.8759124087591241,NC
V,0.9927007299270073,C
S,0.7007299270072993,NC
V,0.635036496350365,NC
L,0.9637681159420289,C
Y,0.9855072463768116,C
C,0.9856115107913669,C
F,0.9784172661870504,C
I,0.65,NC
N,0.9714285714285714,C
K,0.9428571428571428,C
E,0.9645390070921985,C
V,0.972027972027972,C
Q,0.9,C
S,0.7163120567375887,NC
E,0.9117647058823529,C
I,0.8633093525179856,NC
R,0.6956521739130435,NC
R,0.6911764705882353,NC
-,0.0,NC
W,0.9621212121212122,C
H,0.549618320610687,NC
R,0.6717557251908397,NC
C,0.6439393939393939,NC
R,0.6466165413533834,NC
L,0.9333333333333333,C
-,0.0,NC
R,0.5639097744360902,NC
-,0.0,NC
-,0.0,NC
-,0.0,NC
S,0.6846153846153846,NC
L,0.7076923076923077,NC
-,0.0,NC
E,0.6564885496183206,NC
E,0.6165413533834586,NC
-,0.0,NC
-,0.0,NC
-,0.0,NC
-,0.0,NC
-,0.0,NC
-,0.0,NC
-,0.0,NC
-,0.0,NC
-,0.0,NC
R,0.7557251908396947,NC
-,0.0,NC
-,0.0,NC
-,0.0,NC
-,0.0,NC
-,0.0,NC
Q,0.5338345864661654,NC
-,0.0,NC
-,0.0,NC
P,0.5343511450381679,NC
-,0.0,NC
-,0.0,NC
-,0.0,NC
-,0.0,NC
-,0.0,NC
E,0.556390977443609,NC
-,0.0,NC
-,0.0,NC
-,0.0,NC
-,0.0,NC
-,0.0,NC
-,0.0,NC
-,0.0,NC
-,0.0,NC
-,0.0,NC
-,0.0,NC
L,0.5689655172413793,NC
-,0.0,NC
-,0.0,NC
-,0.0,NC
-,0.0,NC
-,0.0,NC
-,0.0,NC
-,0.0,NC
-,0.0,NC
-,0.0,NC
-,0.0,NC
-,0.0,NC
-,0.0,NC
-,0.0,NC
-,0.0,NC
-,0.0,NC
-,0.0,NC
-,0.0,NC
-,0.0,NC
-,0.0,NC
-,0.0,NC
-,0.0,NC
-,0.0,NC
-,0.0,NC
-,0.0,NC
-,0.0,NC
-,0.0,NC
-,0.0,NC
-,0.0,NC
-,0.0,NC
-,0.0,NC
-,0.0,NC
-,0.0,NC
-,0.0,NC
-,0.0,NC
P,0.6551724137931034,NC
-,0.0,NC
-,0.0,NC
-,0.0,NC
S,0.6551724137931034,NC
-,0.0,NC
-,0.0,NC
-,0.0,NC
-,0.0,NC
-,0.0,NC
-,0.0,NC
-,0.0,NC
-,0.0,NC
G,0.5378151260504201,NC
-,0.0,NC
S,0.7704918032786885,NC
G,0.7394957983193278,NC
-,0.0,NC
P,0.8404255319148937,NC
-,0.0,NC
-,0.0,NC
-,0.0,NC
-,0.0,NC
-,0.0,NC
-,0.0,NC
-,0.0,NC
-,0.0,NC
-,0.0,NC
-,0.0,NC
-,0.0,NC
-,0.0,NC
-,0.0,NC
-,0.0,NC
-,0.0,NC
-,0.0,NC
-,0.0,NC
-,0.0,NC
-,0.0,NC
-,0.0,NC
-,0.0,NC
V,0.6166666666666667,NC
A,0.5274725274725275,NC
-,0.0,NC
-,0.0,NC
-,0.0,NC
R,0.6694214876033058,NC
-,0.0,NC
-,0.0,NC
-,0.0,NC
-,0.0,NC
-,0.0,NC
-,0.0,NC
-,0.0,NC
-,0.0,NC
-,0.0,NC
-,0.0,NC
-,0.0,NC
-,0.0,NC
-,0.0,NC
-,0.0,NC
-,0.0,NC
-,0.0,NC
-,0.0,NC
-,0.0,NC
-,0.0,NC
L,0.5454545454545454,NC
-,0.0,NC
-,0.0,NC
-,0.0,NC
S,0.5206611570247934,NC
G,0.5338983050847458,NC
T,0.5338983050847458,NC
L,0.9224137931034483,C
P,0.6724137931034483,NC
-,0.0,NC
-,0.0,NC
G,0.7796610169491526,NC
P,0.6583333333333333,NC
G,0.788135593220339,NC
-,0.0,NC
E,0.7155172413793104,NC
A,0.7619047619047619,NC
S,0.5145631067961165,NC
R,0.5145631067961165,NC
-,0.0,NC
V,0.5862068965517241,NC
L,0.6929824561403509,NC
-,0.0,NC
-,0.0,NC
-,0.0,NC
-,0.0,NC
-,0.0,NC
-,0.0,NC
-,0.0,NC
-,0.0,NC
E,0.9568965517241379,C
S,0.9401709401709402,C
Y,0.8173913043478261,NC
-,0.0,NC
C,1.0,C
-,0.0,NC
-,0.0,NC
-,0.0,NC
-,0.0,NC
