residue_glp1r,frequency_glp1r,status_glp1r
M,0.7613636363636364,NC
A,0.625,NC
-,0.0,NC
-,0.0,NC
-,0.0,NC
-,0.0,NC
-,0.0,NC
-,0.0,NC
-,0.0,NC
-,0.0,NC
G,0.5294117647058824,NC
-,0.0,NC
-,0.0,NC
-,0.0,NC
-,0.0,NC
-,0.0,NC
-,0.0,NC
-,0.0,NC
-,0.0,NC
-,0.0,NC
-,0.0,NC
-,0.0,NC
-,0.0,NC
-,0.0,NC
-,0.0,NC
-,0.0,NC
P,0.8604651162790697,NC
-,0.0,NC
-,0.0,NC
-,0.0,NC
-,0.0,NC
-,0.0,NC
-,0.0,NC
-,0.0,NC
-,0.0,NC
-,0.0,NC
-,0.0,NC
-,0.0,NC
-,0.0,NC
-,0.0,NC
-,0.0,NC
-,0.0,NC
-,0.0,NC
-,0.0,NC
-,0.0,NC
-,0.0,NC
-,0.0,NC
-,0.0,NC
-,0.0,NC
-,0.0,NC
-,0.0,NC
-,0.0,NC
-,0.0,NC
-,0.0,NC
-,0.0,NC
-,0.0,NC
-,0.0,NC
-,0.0,NC
-,0.0,NC
-,0.0,NC
P,0.788235294117647,NC
-,0.0,NC
-,0.0,NC
-,0.0,NC
L,0.7349397590361446,NC
R,0.6075949367088608,NC
L,0.7777777777777778,NC
-,0.0,NC
-,0.0,NC
-,0.0,NC
-,0.0,NC
-,0.0,NC
-,0.0,NC
-,0.0,NC
A,0.6404494382022472,NC
-,0.0,NC
-,0.0,NC
-,0.0,NC
-,0.0,NC
-,0.0,NC
-,0.0,NC
-,0.0,NC
L,0.7391304347826086,NC
L,0.7340425531914894,NC
-,0.0,NC
-,0.0,NC
-,0.0,NC
L,0.8043478260869565,NC
-,0.0,NC
-,0.0,NC
-,0.0,NC
-,0.0,NC
-,0.0,NC
-,0.0,NC
L,0.7849462365591398,NC
G,0.7282608695652174,NC
-,0.0,NC
-,0.0,NC
-,0.0,NC
A,0.5376344086021505,NC
-,0.0,NC
V,0.648936170212766,NC
G,0.7204301075268817,NC
R,0.7065217391304348,NC
A,0.6666666666666666,NC
G,0.6774193548387096,NC
P,0.8247422680412371,NC
-,0.0,NC
R,0.6078431372549019,NC
P,0.6481481481481481,NC
Q,0.813953488372093,NC
G,0.664179104477612,NC
-,0.0,NC
-,0.0,NC
-,0.0,NC
-,0.0,NC
-,0.0,NC
-,0.0,NC
-,0.0,NC
A,0.6567164179104478,NC
-,0.0,NC
-,0.0,NC
T,0.5777777777777777,NC
V,0.6518518518518519,NC
-,0.0,NC
-,0.0,NC
S,0.9779411764705882,C
-,0.0,NC
-,0.0,NC
-,0.0,NC
L,0.9191176470588235,C
S,0.7573529411764706,NC
-,0.0,NC
-,0.0,NC
-,0.0,NC
-,0.0,NC
-,0.0,NC
E,0.7132352941176471,NC
T,0.6715328467153284,NC
-,0.0,NC
-,0.0,NC
-,0.0,NC
-,0.0,NC
-,0.0,NC
-,0.0,NC
-,0.0,NC
V,0.6267605633802817,NC
-,0.0,NC
-,0.0,NC
Q,0.8873239436619719,NC
K,0.9020979020979021,C
-,0.0,NC
W,0.9726027397260274,C
R,0.6068965517241379,NC
E,0.9583333333333334,C
Y,0.9722222222222222,C
R,0.6206896551724138,NC
-,0.0,NC
Q,0.9513888888888888,C
C,0.9862068965517241,C
Q,0.6344827586206897,NC
R,0.5310344827586206,NC
-,0.0,NC
L,0.9300699300699301,C
-,0.0,NC
E,0.9507042253521126,C
A,0.6056338028169014,NC
P,0.9929577464788732,C
P,0.8591549295774648,NC
-,0.0,NC
-,0.0,NC
-,0.0,NC
-,0.0,NC
-,0.0,NC
-,0.0,NC
-,0.0,NC
-,0.0,NC
-,0.0,NC
-,0.0,NC
-,0.0,NC
-,0.0,NC
-,0.0,NC
-,0.0,NC
-,0.0,NC
-,0.0,NC
-,0.0,NC
-,0.0,NC
-,0.0,NC
-,0.0,NC
-,0.0,NC
-,0.0,NC
-,0.0,NC
-,0.0,NC
-,0.0,NC
-,0.0,NC
-,0.0,NC
-,0.0,NC
-,0.0,NC
-,0.0,NC
-,0.0,NC
-,0.0,NC
-,0.0,NC
-,0.0,NC
-,0.0,NC
-,0.0,NC
-,0.0,NC
-,0.0,NC
-,0.0,NC
-,0.0,NC
-,0.0,NC
-,0.0,NC
-,0.0,NC
-,0.0,NC
P,0.5915492957746479,NC
A,0.8785714285714286,NC
T,0.5899280575539568,NC
G,0.7841726618705036,NC
L,0.6071428571428571,NC
-,0.0,NC
-,0.0,NC
F,0.9928571428571429,C
C,0.9929577464788732,C
N,0.971830985915493,C
R,0.986013986013986,C
T,0.9370629370629371,C
F,0.9788732394366197,C
D,0.9929577464788732,C
-,0.0,NC
Y,0.9861111111111112,C
-,0.0,NC
A,0.9236111111111112,C
C,0.9722222222222222,C
W,0.9861111111111112,C
P,0.9791666666666666,C
D,0.9722222222222222,C
G,0.9791666666666666,C
L,0.5069444444444444,NC
P,0.986013986013986,C
G,0.972027972027972,C
S,0.5874125874125874,NC
F,0.5944055944055944,NC
V,0.965034965034965,C
N,0.9790209790209791,C
V,0.9154929577464789,C
S,0.971830985915493,C
C,1.0,C
P,0.9788732394366197,C
W,0.9637681159420289,C
Y,0.9781021897810219,C
L,0.9927007299270073,C
P,1.0,C
W,0.9253731343283582,C
A,0.8768115942028986,NC
S,0.5869565217391305,NC
S,0.6170212765957447,NC
-,0.0,NC
-,0.0,NC
-,0.0,NC
-,0.0,NC
-,0.0,NC
-,0.0,NC
-,0.0,NC
-,0.0,NC
-,0.0,NC
-,0.0,NC
-,0.0,NC
-,0.0,NC
-,0.0,NC
-,0.0,NC
-,0.0,NC
-,0.0,NC
-,0.0,NC
-,0.0,NC
-,0.0,NC
-,0.0,NC
-,0.0,NC
-,0.0,NC
V,0.9432624113475178,C
L,0.8082191780821918,NC
Q,0.636986301369863,NC
G,0.9801324503311258,C
H,0.543046357615894,NC
V,0.9473684210526315,C
Y,0.9605263157894737,C
R,0.9933774834437086,C
F,0.9735099337748344,C
C,0.9867549668874173,C
T,0.9801324503311258,C
-,0.0,NC
E,0.7880794701986755,NC
G,0.9933774834437086,C
L,0.5562913907284768,NC
W,0.9801324503311258,C
L,0.9867549668874173,C
-,0.0,NC
K,0.7086092715231788,NC
D,0.543046357615894,NC
N,0.9867549668874173,C
S,0.9802631578947368,C
S,0.625,NC
L,0.7763157894736842,NC
P,0.9736842105263158,C
W,0.9868421052631579,C
R,0.9473684210526315,C
N,0.506578947368421,NC
L,0.8947368421052632,NC
S,0.9210526315789473,C
E,0.9473684210526315,C
C,0.9801324503311258,C
E,0.9006622516556292,C
E,0.5234899328859061,NC
S,0.9379310344827586,C
K,0.9148936170212766,C
R,0.8631578947368421,NC
G,0.9578947368421052,C
D,0.5165562913907285,NC
R,0.52,NC
-,0.0,NC
-,0.0,NC
S,0.58,NC
P,0.9733333333333334,C
E,0.96,C
E,0.7333333333333333,NC
Q,0.9261744966442953,C
-,0.0,NC
-,0.0,NC
-,0.0,NC
-,0.0,NC
L,0.9733333333333334,C
L,0.9866666666666667,C
S,0.5960264900662252,NC
L,0.8211920529801324,NC
S,0.52,NC
I,0.7733333333333333,NC
I,0.9466666666666667,C
Y,0.9933333333333333,C
T,0.9933333333333333,C
V,0.6133333333333333,NC
G,0.9933333333333333,C
Y,0.9866666666666667,C
A,0.8533333333333334,NC
L,0.9933333333333333,C
S,0.9933333333333333,C
F,0.9866666666666667,C
S,0.98,C
A,0.9867549668874173,C
L,0.9933774834437086,C
V,0.9536423841059603,C
I,0.9403973509933775,C
A,0.9867549668874173,C
S,0.5827814569536424,NC
A,0.8874172185430463,NC
I,0.9867549668874173,C
L,0.9933774834437086,C
L,0.9403973509933775,C
G,0.7368421052631579,NC
F,0.9802631578947368,C
-,0.0,NC
-,0.0,NC
-,0.0,NC
-,0.0,NC
-,0.0,NC
-,0.0,NC
-,0.0,NC
-,0.0,NC
-,0.0,NC
-,0.0,NC
-,0.0,NC
-,0.0,NC
-,0.0,NC
-,0.0,NC
-,0.0,NC
-,0.0,NC
-,0.0,NC
-,0.0,NC
-,0.0,NC
-,0.0,NC
-,0.0,NC
-,0.0,NC
-,0.0,NC
-,0.0,NC
-,0.0,NC
-,0.0,NC
-,0.0,NC
-,0.0,NC
-,0.0,NC
R,0.9868421052631579,C
H,0.993421052631579,C
L,0.993421052631579,C
H,0.9539473684210527,C
C,0.993421052631579,C
T,0.993421052631579,C
R,0.993421052631579,C
N,0.993421052631579,C
Y,0.993421052631579,C
I,0.993421052631579,C
H,0.9868421052631579,C
L,0.993421052631579,C
N,0.9868421052631579,C
L,0.993421052631579,C
F,0.993421052631579,C
A,0.6052631578947368,NC
S,0.993421052631579,C
F,0.993421052631579,C
I,0.993421052631579,C
L,0.993421052631579,C
R,1.0,C
A,0.993421052631579,C
L,0.5986842105263158,NC
S,1.0,C
V,0.9271523178807947,C
F,1.0,C
I,0.9337748344370861,C
K,0.8675496688741722,NC
D,1.0,C
A,0.543046357615894,NC
V,0.5496688741721855,NC
L,0.6754966887417219,NC
K,0.9470198675496688,C
W,1.0,C
M,1.0,C
Y,1.0,C
S,0.875,NC
T,0.9802631578947368,C
A,0.993421052631579,C
-,0.0,NC
-,0.0,NC
-,0.0,NC
-,0.0,NC
-,0.0,NC
-,0.0,NC
-,0.0,NC
-,0.0,NC
Q,0.8421052631578947,NC
Q,0.6052631578947368,NC
H,0.868421052631579,NC
-,0.0,NC
-,0.0,NC
-,0.0,NC
-,0.0,NC
Q,0.9802631578947368,C
W,0.993421052631579,C
D,0.618421052631579,NC
G,0.9078947368421053,C
-,0.0,NC
-,0.0,NC
-,0.0,NC
L,0.9539473684210527,C
L,0.625,NC
S,0.9078947368421053,C
Y,0.7284768211920529,NC
Q,0.993421052631579,C
-,0.0,NC
-,0.0,NC
-,0.0,NC
-,0.0,NC
S,0.987012987012987,C
L,0.9545454545454546,C
G,0.512987012987013,NC
C,0.9935064935064936,C
R,1.0,C
L,0.9281045751633987,C
V,0.9084967320261438,C
F,0.9869281045751634,C
L,0.5882352941176471,NC
L,0.5816993464052288,NC
M,0.9934640522875817,C
Q,1.0,C
Y,0.9934640522875817,C
C,0.9934640522875817,C
V,0.9934640522875817,C
A,0.934640522875817,C
A,0.9934640522875817,C
N,0.9934640522875817,C
Y,0.9869281045751634,C
Y,0.9477124183006536,C
W,1.0,C
L,0.9934640522875817,C
L,1.0,C
V,0.9934640522875817,C
E,0.9934640522875817,C
G,0.9934640522875817,C
V,0.5620915032679739,NC
Y,0.9934640522875817,C
L,1.0,C
Y,0.954248366013072,C
T,0.9411764705882353,C
L,1.0,C
L,0.9934640522875817,C
A,0.6339869281045751,NC
L,0.5686274509803921,NC
S,0.9411764705882353,C
V,0.9803921568627451,C
F,0.9803921568627451,C
S,0.9869281045751634,C
E,0.9934640522875817,C
Q,0.987012987012987,C
R,0.9935064935064936,C
I,0.7402597402597403,NC
F,0.9805194805194806,C
R,0.922077922077922,C
L,0.961038961038961,C
Y,0.974025974025974,C
L,0.8051948051948052,NC
S,0.5324675324675324,NC
I,0.8246753246753247,NC
G,0.987012987012987,C
W,0.9935064935064936,C
G,1.0,C
V,0.9802631578947368,C
P,1.0,C
L,0.631578947368421,NC
L,0.9736842105263158,C
F,1.0,C
V,1.0,C
I,0.7960526315789473,NC
P,0.6644736842105263,NC
W,1.0,C
G,0.9802631578947368,C
I,0.6973684210526315,NC
V,0.993421052631579,C
K,0.9868421052631579,C
Y,0.9868421052631579,C
L,0.993421052631579,C
Y,0.993421052631579,C
E,1.0,C
D,0.9868421052631579,C
E,0.9671052631578947,C
G,0.9868421052631579,C
C,1.0,C
W,1.0,C
T,0.8486842105263158,NC
R,0.9342105263157895,C
N,1.0,C
S,0.5986842105263158,NC
-,0.0,NC
N,1.0,C
M,1.0,C
N,1.0,C
Y,0.9870967741935484,C
W,1.0,C
L,0.9935483870967742,C
I,1.0,C
I,0.9870967741935484,C
R,1.0,C
L,0.9935483870967742,C
P,1.0,C
I,1.0,C
L,0.9548387096774194,C
F,0.5870967741935483,NC
A,0.9870967741935484,C
I,0.9870967741935484,C
G,0.9870967741935484,C
V,0.967741935483871,C
N,1.0,C
F,0.9935897435897436,C
L,0.9615384615384616,C
I,0.9807692307692307,C
F,1.0,C
I,0.5897435897435898,NC
R,1.0,C
V,0.9871794871794872,C
I,1.0,C
C,1.0,C
I,0.9806451612903225,C
V,0.5806451612903226,NC
V,0.5741935483870968,NC
S,0.9612903225806452,C
K,1.0,C
L,1.0,C
K,0.567741935483871,NC
A,0.9548387096774194,C
N,1.0,C
L,0.9806451612903225,C
M,0.9483870967741935,C
C,0.9483870967741935,C
K,0.9806451612903225,C
T,0.9423076923076923,C
D,1.0,C
-,0.0,NC
-,0.0,NC
-,0.0,NC
-,0.0,NC
I,0.7948717948717948,NC
K,1.0,C
C,1.0,C
R,0.9871794871794872,C
L,1.0,C
A,1.0,C
K,1.0,C
S,0.9935483870967742,C
T,1.0,C
L,0.9935483870967742,C
T,0.9870967741935484,C
L,0.9935483870967742,C
I,1.0,C
P,1.0,C
L,1.0,C
L,1.0,C
G,1.0,C
T,1.0,C
H,0.987012987012987,C
E,1.0,C
V,0.9025974025974026,C
I,0.8961038961038961,NC
F,1.0,C
A,1.0,C
F,0.9870967741935484,C
V,0.6903225806451613,NC
M,0.567741935483871,NC
-,0.0,NC
-,0.0,NC
D,0.9935483870967742,C
E,0.9935483870967742,C
H,0.9935483870967742,C
A,0.9935483870967742,C
R,0.9096774193548387,C
G,0.9935483870967742,C
-,0.0,NC
L,0.9935483870967742,C
R,1.0,C
F,0.9225806451612903,C
I,0.535483870967742,NC
K,1.0,C
L,1.0,C
F,0.9415584415584416,C
T,0.8701298701298701,NC
E,0.9935064935064936,C
L,0.9806451612903225,C
S,0.9806451612903225,C
F,0.9612903225806452,C
T,0.6064516129032258,NC
S,0.9935483870967742,C
F,1.0,C
Q,0.9935483870967742,C
G,0.9935483870967742,C
L,0.9935483870967742,C
M,0.9225806451612903,C
V,0.9935483870967742,C
A,0.9870967741935484,C
I,0.9155844155844156,C
L,1.0,C
Y,1.0,C
C,1.0,C
F,1.0,C
V,0.5974025974025974,NC
N,1.0,C
N,0.9025974025974026,C
E,1.0,C
V,0.993421052631579,C
Q,0.9078947368421053,C
M,0.6490066225165563,NC
E,0.9733333333333334,C
F,0.9733333333333334,C
R,0.8657718120805369,NC
K,0.8456375838926175,NC
S,0.8133333333333334,NC
W,0.9666666666666667,C
E,0.9733333333333334,C
R,0.9733333333333334,C
W,0.9866666666666667,C
R,0.92,C
L,0.9866666666666667,C
-,0.0,NC
E,0.88,NC
-,0.0,NC
-,0.0,NC
H,0.96,C
L,0.84,NC
H,0.52,NC
-,0.0,NC
Q,0.9735099337748344,C
R,0.9602649006622517,C
-,0.0,NC
D,0.9006622516556292,C
S,0.8079470198675497,NC
-,0.0,NC
-,0.0,NC
-,0.0,NC
-,0.0,NC
S,0.9602649006622517,C
M,0.9602649006622517,C
K,0.9668874172185431,C
-,0.0,NC
-,0.0,NC
-,0.0,NC
-,0.0,NC
-,0.0,NC
-,0.0,NC
-,0.0,NC
P,0.9866666666666667,C
L,0.8333333333333334,NC
K,0.9533333333333334,C
C,0.9066666666666666,C
-,0.0,NC
-,0.0,NC
-,0.0,NC
P,0.98,C
T,0.5466666666666666,NC
-,0.0,NC
-,0.0,NC
-,0.0,NC
-,0.0,NC
-,0.0,NC
-,0.0,NC
-,0.0,NC
-,0.0,NC
-,0.0,NC
-,0.0,NC
-,0.0,NC
-,0.0,NC
-,0.0,NC
S,0.5973154362416108,NC
-,0.0,NC
-,0.0,NC
-,0.0,NC
-,0.0,NC
-,0.0,NC
-,0.0,NC
-,0.0,NC
-,0.0,NC
-,0.0,NC
-,0.0,NC
-,0.0,NC
-,0.0,NC
-,0.0,NC
-,0.0,NC
-,0.0,NC
-,0.0,NC
-,0.0,NC
-,0.0,NC
-,0.0,NC
-,0.0,NC
-,0.0,NC
-,0.0,NC
-,0.0,NC
-,0.0,NC
-,0.0,NC
-,0.0,NC
-,0.0,NC
-,0.0,NC
-,0.0,NC
-,0.0,NC
S,0.9932885906040269,C
-,0.0,NC
-,0.0,NC
L,0.6174496644295302,NC
S,0.9664429530201343,C
-,0.0,NC
-,0.0,NC
-,0.0,NC
-,0.0,NC
-,0.0,NC
-,0.0,NC
-,0.0,NC
-,0.0,NC
-,0.0,NC
-,0.0,NC
S,0.8389261744966443,NC
G,0.9328859060402684,C
-,0.0,NC
-,0.0,NC
-,0.0,NC
-,0.0,NC
-,0.0,NC
-,0.0,NC
-,0.0,NC
-,0.0,NC
-,0.0,NC
-,0.0,NC
-,0.0,NC
-,0.0,NC
-,0.0,NC
-,0.0,NC
-,0.0,NC
-,0.0,NC
G,0.6510067114093959,NC
T,0.9664429530201343,C
V,0.7583892617449665,NC
G,0.9463087248322147,C
-,0.0,NC
S,0.9333333333333333,C
-,0.0,NC
-,0.0,NC
-,0.0,NC
S,0.8866666666666667,NC
-,0.0,NC
-,0.0,NC
-,0.0,NC
-,0.0,NC
-,0.0,NC
-,0.0,NC
-,0.0,NC
-,0.0,NC
-,0.0,NC
-,0.0,NC
-,0.0,NC
-,0.0,NC
-,0.0,NC
-,0.0,NC
-,0.0,NC
-,0.0,NC
-,0.0,NC
-,0.0,NC
-,0.0,NC
-,0.0,NC
-,0.0,NC
-,0.0,NC
-,0.0,NC
-,0.0,NC
V,0.8,NC
Y,0.9659863945578231,C
A,0.7755102040816326,NC
A,0.9863945578231292,C
-,0.0,NC
-,0.0,NC
-,0.0,NC
-,0.0,NC
-,0.0,NC
-,0.0,NC
-,0.0,NC
-,0.0,NC
-,0.0,NC
-,0.0,NC
-,0.0,NC
-,0.0,NC
-,0.0,NC
-,0.0,NC
T,0.7687074829931972,NC
C,0.9251700680272109,C
Q,0.9455782312925171,C
-,0.0,NC
-,0.0,NC
-,0.0,NC
-,0.0,NC
-,0.0,NC
-,0.0,NC
A,0.8299319727891157,NC
-,0.0,NC
S,0.5918367346938775,NC
-,0.0,NC
-,0.0,NC
C,0.6027397260273972,NC
S,0.9315068493150684,C
-,0.0,NC
-,0.0,NC
-,0.0,NC
