residue_pacr,frequency_pacr,status_pacr
M,0.896774193548387,NC
A,0.6709677419354839,NC
-,0.0,NC
-,0.0,NC
-,0.0,NC
-,0.0,NC
-,0.0,NC
-,0.0,NC
-,0.0,NC
-,0.0,NC
-,0.0,NC
-,0.0,NC
-,0.0,NC
-,0.0,NC
-,0.0,NC
-,0.0,NC
-,0.0,NC
-,0.0,NC
-,0.0,NC
-,0.0,NC
-,0.0,NC
-,0.0,NC
-,0.0,NC
-,0.0,NC
-,0.0,NC
-,0.0,NC
-,0.0,NC
-,0.0,NC
-,0.0,NC
-,0.0,NC
-,0.0,NC
-,0.0,NC
-,0.0,NC
-,0.0,NC
-,0.0,NC
-,0.0,NC
-,0.0,NC
-,0.0,NC
-,0.0,NC
-,0.0,NC
-,0.0,NC
-,0.0,NC
-,0.0,NC
-,0.0,NC
-,0.0,NC
-,0.0,NC
-,0.0,NC
-,0.0,NC
-,0.0,NC
-,0.0,NC
-,0.0,NC
-,0.0,NC
-,0.0,NC
-,0.0,NC
-,0.0,NC
-,0.0,NC
-,0.0,NC
-,0.0,NC
-,0.0,NC
-,0.0,NC
-,0.0,NC
-,0.0,NC
-,0.0,NC
-,0.0,NC
-,0.0,NC
-,0.0,NC
-,0.0,NC
-,0.0,NC
-,0.0,NC
S,0.5131578947368421,NC
-,0.0,NC
-,0.0,NC
-,0.0,NC
-,0.0,NC
L,0.7302631578947368,NC
-,0.0,NC
-,0.0,NC
-,0.0,NC
-,0.0,NC
-,0.0,NC
-,0.0,NC
A,0.551948051948052,NC
A,0.5617283950617284,NC
L,0.6463414634146342,NC
-,0.0,NC
-,0.0,NC
-,0.0,NC
L,0.6407185628742516,NC
-,0.0,NC
-,0.0,NC
-,0.0,NC
-,0.0,NC
-,0.0,NC
-,0.0,NC
L,0.7904191616766467,NC
-,0.0,NC
-,0.0,NC
-,0.0,NC
-,0.0,NC
-,0.0,NC
-,0.0,NC
L,0.7823529411764706,NC
-,0.0,NC
-,0.0,NC
-,0.0,NC
-,0.0,NC
-,0.0,NC
-,0.0,NC
P,0.8647058823529412,NC
-,0.0,NC
-,0.0,NC
-,0.0,NC
-,0.0,NC
-,0.0,NC
-,0.0,NC
-,0.0,NC
-,0.0,NC
-,0.0,NC
-,0.0,NC
-,0.0,NC
-,0.0,NC
-,0.0,NC
-,0.0,NC
A,0.6201117318435754,NC
-,0.0,NC
-,0.0,NC
-,0.0,NC
-,0.0,NC
-,0.0,NC
-,0.0,NC
M,0.6195652173913043,NC
H,0.7472527472527473,NC
S,0.8097826086956522,NC
-,0.0,NC
-,0.0,NC
D,0.6555555555555556,NC
C,0.9666666666666667,C
-,0.0,NC
-,0.0,NC
-,0.0,NC
-,0.0,NC
-,0.0,NC
-,0.0,NC
-,0.0,NC
-,0.0,NC
-,0.0,NC
-,0.0,NC
-,0.0,NC
-,0.0,NC
-,0.0,NC
I,0.625,NC
-,0.0,NC
-,0.0,NC
K,0.8418079096045198,NC
K,0.664804469273743,NC
E,0.9555555555555556,C
Q,0.7900552486187845,NC
-,0.0,NC
-,0.0,NC
C,0.9668508287292817,C
L,0.6944444444444444,NC
E,0.8956043956043956,NC
K,0.6229508196721312,NC
I,0.7087912087912088,NC
-,0.0,NC
R,0.574585635359116,NC
A,0.5166666666666667,NC
-,0.0,NC
-,0.0,NC
-,0.0,NC
-,0.0,NC
-,0.0,NC
-,0.0,NC
-,0.0,NC
-,0.0,NC
-,0.0,NC
-,0.0,NC
-,0.0,NC
-,0.0,NC
-,0.0,NC
-,0.0,NC
-,0.0,NC
-,0.0,NC
-,0.0,NC
-,0.0,NC
-,0.0,NC
-,0.0,NC
-,0.0,NC
-,0.0,NC
-,0.0,NC
-,0.0,NC
-,0.0,NC
-,0.0,NC
-,0.0,NC
-,0.0,NC
-,0.0,NC
-,0.0,NC
-,0.0,NC
-,0.0,NC
-,0.0,NC
-,0.0,NC
-,0.0,NC
-,0.0,NC
-,0.0,NC
-,0.0,NC
-,0.0,NC
-,0.0,NC
-,0.0,NC
-,0.0,NC
L,0.8548387096774194,NC
M,0.6209677419354839,NC
G,0.5605095541401274,NC
L,0.5487804878048781,NC
N,0.8228571428571428,NC
D,0.6906077348066298,NC
S,0.7243243243243244,NC
S,0.5645161290322581,NC
P,0.6129032258064516,NC
-,0.0,NC
-,0.0,NC
G,0.77,NC
C,0.99,C
P,0.86,NC
G,0.6683417085427136,NC
M,0.8627450980392157,NC
W,0.9852941176470589,C
D,0.9852941176470589,C
N,0.9804878048780488,C
I,0.6127450980392157,NC
-,0.0,NC
T,0.9803921568627451,C
C,0.9901960784313726,C
W,0.9902439024390244,C
K,0.6470588235294118,NC
P,0.9463414634146341,C
A,0.9853658536585366,C
-,0.0,NC
V,0.7303921568627451,NC
G,0.9901960784313726,C
E,0.8382352941176471,NC
-,0.0,NC
V,0.9166666666666666,C
-,0.0,NC
V,0.8878048780487805,NC
-,0.0,NC
C,0.9854368932038835,C
P,0.9854368932038835,C
E,0.7038834951456311,NC
L,0.883495145631068,NC
F,0.9854368932038835,C
R,0.5885416666666666,NC
I,0.5098039215686274,NC
F,0.5980392156862745,NC
N,0.5317073170731708,NC
-,0.0,NC
-,0.0,NC
-,0.0,NC
-,0.0,NC
W,0.6046511627906976,NC
E,0.7457627118644068,NC
-,0.0,NC
E,0.603448275862069,NC
T,0.6293103448275862,NC
I,0.6086956521739131,NC
G,0.889763779527559,NC
E,0.6129032258064516,NC
-,0.0,NC
-,0.0,NC
F,0.664,NC
-,0.0,NC
D,0.8306451612903226,NC
S,0.6290322580645161,NC
N,0.5645161290322581,NC
S,0.68,NC
-,0.0,NC
D,0.6785714285714286,NC
L,0.6695652173913044,NC
S,0.6865671641791045,NC
D,0.5463917525773195,NC
-,0.0,NC
G,0.7264150943396226,NC
-,0.0,NC
V,0.7488372093023256,NC
S,0.9302325581395349,C
R,0.9953488372093023,C
N,1.0,C
C,1.0,C
T,0.9906976744186047,C
E,0.9348837209302325,C
D,0.6604651162790698,NC
G,1.0,C
-,0.0,NC
W,1.0,C
S,0.9720930232558139,C
E,0.9348837209302325,C
-,0.0,NC
-,0.0,NC
-,0.0,NC
-,0.0,NC
P,0.7222222222222222,NC
F,0.9814814814814815,C
P,0.9953703703703703,C
-,0.0,NC
H,0.9627906976744186,C
Y,1.0,C
-,0.0,NC
D,0.9488372093023256,C
A,0.9441860465116279,C
C,1.0,C
G,0.7009345794392523,NC
F,0.7887323943661971,NC
D,0.7102803738317757,NC
E,0.7906976744186046,NC
-,0.0,NC
E,0.627906976744186,NC
-,0.0,NC
E,0.6462264150943396,NC
-,0.0,NC
-,0.0,NC
-,0.0,NC
-,0.0,NC
G,0.59375,NC
D,0.5828220858895705,NC
Q,0.7162790697674418,NC
D,0.8364485981308412,NC
Y,0.6161137440758294,NC
Y,0.9483568075117371,C
-,0.0,NC
Y,0.8679245283018868,NC
L,0.6197183098591549,NC
S,0.9342723004694836,C
V,0.9389671361502347,C
K,0.9813084112149533,C
A,0.9166666666666666,C
L,0.9488372093023256,C
Y,0.9342723004694836,C
T,0.9386792452830188,C
V,0.9436619718309859,C
G,0.9528301886792453,C
Y,0.9342723004694836,C
S,0.971830985915493,C
T,0.9521531100478469,C
S,0.9712918660287081,C
L,0.9710144927536232,C
V,0.9466019417475728,C
S,0.5458937198067633,NC
L,0.9807692307692307,C
T,0.9223300970873787,C
T,0.8640776699029126,NC
A,0.9478672985781991,C
M,0.95260663507109,C
V,0.9383886255924171,C
I,0.9342723004694836,C
L,0.9398148148148148,C
C,0.9813953488372092,C
R,0.897196261682243,NC
F,0.9767441860465116,C
-,0.0,NC
-,0.0,NC
-,0.0,NC
-,0.0,NC
-,0.0,NC
-,0.0,NC
-,0.0,NC
-,0.0,NC
-,0.0,NC
-,0.0,NC
-,0.0,NC
-,0.0,NC
-,0.0,NC
-,0.0,NC
-,0.0,NC
-,0.0,NC
-,0.0,NC
-,0.0,NC
-,0.0,NC
-,0.0,NC
-,0.0,NC
-,0.0,NC
-,0.0,NC
-,0.0,NC
-,0.0,NC
-,0.0,NC
-,0.0,NC
-,0.0,NC
-,0.0,NC
R,0.9862385321100917,C
K,1.0,C
L,1.0,C
H,1.0,C
C,1.0,C
T,1.0,C
R,1.0,C
N,1.0,C
F,0.9954128440366973,C
I,1.0,C
H,1.0,C
M,0.9954545454545455,C
N,1.0,C
L,1.0,C
F,1.0,C
V,0.9318181818181818,C
S,1.0,C
F,1.0,C
I,0.5636363636363636,NC
L,1.0,C
R,1.0,C
A,1.0,C
I,0.9773755656108597,C
S,0.9864253393665159,C
V,0.9954954954954955,C
F,1.0,C
I,1.0,C
K,1.0,C
D,1.0,C
-,0.0,NC
V,0.502262443438914,NC
L,1.0,C
Y,1.0,C
A,0.9457013574660633,C
E,0.863013698630137,NC
-,0.0,NC
-,0.0,NC
-,0.0,NC
-,0.0,NC
-,0.0,NC
-,0.0,NC
-,0.0,NC
-,0.0,NC
-,0.0,NC
-,0.0,NC
-,0.0,NC
-,0.0,NC
Q,0.6954545454545454,NC
D,0.95,C
S,0.669683257918552,NC
-,0.0,NC
-,0.0,NC
-,0.0,NC
-,0.0,NC
N,0.7104072398190046,NC
-,0.0,NC
-,0.0,NC
-,0.0,NC
-,0.0,NC
-,0.0,NC
-,0.0,NC
H,1.0,C
-,0.0,NC
C,1.0,C
F,0.9409090909090909,C
I,0.7737556561085973,NC
-,0.0,NC
-,0.0,NC
-,0.0,NC
S,0.7104072398190046,NC
T,0.995475113122172,C
V,0.8153153153153153,NC
E,0.9728506787330317,C
C,0.9864253393665159,C
K,0.8054298642533937,NC
A,0.9457013574660633,C
V,0.8371040723981901,NC
M,0.9728506787330317,C
V,0.7873303167420814,NC
F,0.995475113122172,C
F,0.9909502262443439,C
H,0.995475113122172,C
Y,0.995475113122172,C
C,0.9909502262443439,C
V,0.9909502262443439,C
-,0.0,NC
S,0.990909090909091,C
N,1.0,C
Y,0.9954545454545455,C
F,0.9954545454545455,C
W,1.0,C
L,0.9954545454545455,C
F,0.990909090909091,C
I,0.990909090909091,C
E,0.9954545454545455,C
G,0.9954545454545455,C
L,0.9954545454545455,C
Y,0.9954545454545455,C
L,1.0,C
F,1.0,C
T,1.0,C
L,1.0,C
L,1.0,C
V,0.9954545454545455,C
E,0.9863636363636363,C
T,0.9954545454545455,C
F,0.9954545454545455,C
F,0.9954545454545455,C
P,0.995475113122172,C
E,1.0,C
R,0.7963800904977375,NC
R,0.9909502262443439,C
Y,0.995475113122172,C
F,0.995475113122172,C
Y,0.9909502262443439,C
W,0.995475113122172,C
Y,0.9954337899543378,C
T,0.6301369863013698,NC
I,0.91324200913242,C
I,0.9771689497716894,C
G,0.9954337899543378,C
W,0.9954337899543378,C
G,0.9908675799086758,C
T,0.9587155963302753,C
P,1.0,C
T,0.9907834101382489,C
V,0.5806451612903226,NC
C,0.9953917050691244,C
V,1.0,C
T,0.695852534562212,NC
V,0.7465437788018433,NC
W,1.0,C
A,0.9861751152073732,C
V,0.7465437788018433,NC
L,1.0,C
R,0.981651376146789,C
L,0.8761467889908257,NC
H,0.591743119266055,NC
F,0.9403669724770642,C
D,0.981651376146789,C
D,0.8669724770642202,NC
T,0.5852534562211982,NC
G,1.0,C
C,1.0,C
W,1.0,C
D,0.95,C
M,0.8909090909090909,NC
N,1.0,C
D,0.9636363636363636,C
-,0.0,NC
N,0.75,NC
T,0.7090909090909091,NC
A,0.95,C
L,0.7181818181818181,NC
W,1.0,C
W,1.0,C
V,0.9954545454545455,C
I,1.0,C
K,1.0,C
G,0.9547511312217195,C
P,1.0,C
V,0.995475113122172,C
V,0.6923076923076923,NC
G,0.665158371040724,NC
S,0.9909502262443439,C
I,1.0,C
M,1.0,C
I,0.5158371040723982,NC
N,1.0,C
F,0.990909090909091,C
V,0.8954545454545455,NC
L,1.0,C
F,1.0,C
I,0.8818181818181818,NC
G,1.0,C
I,0.9954545454545455,C
I,1.0,C
V,0.65,NC
I,1.0,C
L,1.0,C
V,1.0,C
Q,1.0,C
K,1.0,C
L,1.0,C
Q,0.9954545454545455,C
S,1.0,C
P,1.0,C
D,1.0,C
I,0.5863636363636363,NC
G,1.0,C
G,0.9954545454545455,C
N,0.990909090909091,C
E,0.9954545454545455,C
S,0.9954545454545455,C
-,0.0,NC
S,0.990909090909091,C
I,0.9680365296803652,C
Y,0.9954337899543378,C
L,0.9906542056074766,C
-,0.0,NC
R,1.0,C
L,0.9952153110047847,C
A,0.9952153110047847,C
R,0.9857142857142858,C
S,0.9952380952380953,C
T,0.9952380952380953,C
L,0.9904761904761905,C
L,0.9952380952380953,C
L,1.0,C
I,0.9952380952380953,C
P,0.9952380952380953,C
L,1.0,C
F,0.9952153110047847,C
G,1.0,C
I,0.9904306220095693,C
H,1.0,C
Y,0.9952153110047847,C
T,0.9904306220095693,C
V,0.9712918660287081,C
F,0.9952153110047847,C
A,1.0,C
F,0.9952153110047847,C
S,0.8899521531100478,NC
P,0.9952153110047847,C
-,0.0,NC
-,0.0,NC
E,0.9856459330143541,C
N,0.8421052631578947,NC
V,0.9760765550239234,C
S,0.9808612440191388,C
-,0.0,NC
-,0.0,NC
-,0.0,NC
-,0.0,NC
K,0.9808612440191388,C
R,0.9712918660287081,C
E,0.9904306220095693,C
R,0.9904306220095693,C
L,0.9904306220095693,C
V,0.9903846153846154,C
F,0.9903846153846154,C
E,0.9903846153846154,C
L,0.9952153110047847,C
G,0.9903846153846154,C
L,0.9951923076923077,C
G,1.0,C
S,0.9903846153846154,C
F,0.9903846153846154,C
Q,0.9903846153846154,C
G,1.0,C
F,0.9851485148514851,C
V,0.9852216748768473,C
V,0.9802955665024631,C
A,0.9852216748768473,C
V,0.9408866995073891,C
L,0.9852941176470589,C
Y,0.9852941176470589,C
C,0.9901960784313726,C
F,0.9803921568627451,C
L,0.9901477832512315,C
N,0.9851485148514851,C
G,0.9900990099009901,C
E,0.9851485148514851,C
V,0.9134615384615384,C
Q,0.961352657004831,C
-,0.0,NC
E,0.9563106796116505,C
I,0.8878048780487805,NC
K,0.9313725490196079,C
R,0.9024390243902439,C
K,0.9170731707317074,C
W,0.9609756097560975,C
R,0.8975609756097561,NC
S,0.8975609756097561,NC
W,0.9117647058823529,C
K,0.6553398058252428,NC
V,0.8932038834951457,NC
-,0.0,NC
N,0.8883495145631068,NC
-,0.0,NC
-,0.0,NC
R,0.8980582524271845,NC
Y,0.8840579710144928,NC
F,0.9134615384615384,C
A,0.6923076923076923,NC
V,0.7163461538461539,NC
D,0.8894230769230769,NC
-,0.0,NC
F,0.6682692307692307,NC
-,0.0,NC
-,0.0,NC
-,0.0,NC
-,0.0,NC
-,0.0,NC
-,0.0,NC
-,0.0,NC
K,0.8846153846153846,NC
-,0.0,NC
-,0.0,NC
-,0.0,NC
-,0.0,NC
-,0.0,NC
H,0.8861386138613861,NC
-,0.0,NC
-,0.0,NC
-,0.0,NC
R,0.8932038834951457,NC
-,0.0,NC
-,0.0,NC
-,0.0,NC
H,0.8932038834951457,NC
P,0.9757281553398058,C
-,0.0,NC
-,0.0,NC
-,0.0,NC
-,0.0,NC
-,0.0,NC
-,0.0,NC
-,0.0,NC
-,0.0,NC
-,0.0,NC
-,0.0,NC
-,0.0,NC
-,0.0,NC
-,0.0,NC
-,0.0,NC
S,0.9223300970873787,C
-,0.0,NC
-,0.0,NC
-,0.0,NC
-,0.0,NC
-,0.0,NC
-,0.0,NC
-,0.0,NC
-,0.0,NC
-,0.0,NC
-,0.0,NC
-,0.0,NC
-,0.0,NC
-,0.0,NC
-,0.0,NC
-,0.0,NC
-,0.0,NC
-,0.0,NC
L,0.9170731707317074,C
-,0.0,NC
-,0.0,NC
A,0.9024390243902439,C
-,0.0,NC
-,0.0,NC
-,0.0,NC
-,0.0,NC
-,0.0,NC
-,0.0,NC
-,0.0,NC
-,0.0,NC
-,0.0,NC
S,0.9121951219512195,C
-,0.0,NC
-,0.0,NC
-,0.0,NC
S,0.8980582524271845,NC
-,0.0,NC
-,0.0,NC
-,0.0,NC
-,0.0,NC
-,0.0,NC
-,0.0,NC
-,0.0,NC
-,0.0,NC
-,0.0,NC
-,0.0,NC
-,0.0,NC
G,0.9658536585365853,C
-,0.0,NC
V,0.8970588235294118,NC
-,0.0,NC
-,0.0,NC
N,0.9019607843137255,C
G,0.9117647058823529,C
G,0.9655172413793104,C
-,0.0,NC
-,0.0,NC
T,0.9024390243902439,C
-,0.0,NC
Q,0.8926829268292683,NC
-,0.0,NC
-,0.0,NC
-,0.0,NC
-,0.0,NC
L,0.8926829268292683,NC
S,0.9073170731707317,C
I,0.8878048780487805,NC
L,0.8926829268292683,NC
-,0.0,NC
S,0.9170731707317074,C
K,0.8975609756097561,NC
-,0.0,NC
S,0.9178743961352657,C
S,0.8888888888888888,NC
-,0.0,NC
S,0.9170731707317074,C
Q,0.9121951219512195,C
-,0.0,NC
-,0.0,NC
-,0.0,NC
-,0.0,NC
I,0.8405797101449275,NC
-,0.0,NC
-,0.0,NC
-,0.0,NC
-,0.0,NC
-,0.0,NC
-,0.0,NC
-,0.0,NC
-,0.0,NC
-,0.0,NC
-,0.0,NC
-,0.0,NC
-,0.0,NC
R,0.9073170731707317,C
-,0.0,NC
-,0.0,NC
-,0.0,NC
-,0.0,NC
-,0.0,NC
-,0.0,NC
M,0.8883495145631068,NC
S,0.8985507246376812,NC
-,0.0,NC
-,0.0,NC
-,0.0,NC
-,0.0,NC
-,0.0,NC
-,0.0,NC
-,0.0,NC
-,0.0,NC
-,0.0,NC
-,0.0,NC
-,0.0,NC
-,0.0,NC
-,0.0,NC
S,0.5845410628019324,NC
L,0.642512077294686,NC
-,0.0,NC
-,0.0,NC
-,0.0,NC
-,0.0,NC
-,0.0,NC
-,0.0,NC
-,0.0,NC
A,0.8695652173913043,NC
E,0.5388349514563107,NC
N,0.6344086021505376,NC
-,0.0,NC
-,0.0,NC
-,0.0,NC
L,0.6290322580645161,NC
A,0.8387096774193549,NC
T,0.8641304347826086,NC
-,0.0,NC
