residue_pth1r,frequency_pth1r,status_pth1r
M,0.8709677419354839,NC
G,0.8496732026143791,NC
-,0.0,NC
-,0.0,NC
-,0.0,NC
-,0.0,NC
-,0.0,NC
-,0.0,NC
-,0.0,NC
-,0.0,NC
-,0.0,NC
-,0.0,NC
-,0.0,NC
-,0.0,NC
-,0.0,NC
-,0.0,NC
-,0.0,NC
-,0.0,NC
-,0.0,NC
-,0.0,NC
-,0.0,NC
-,0.0,NC
-,0.0,NC
-,0.0,NC
-,0.0,NC
-,0.0,NC
-,0.0,NC
-,0.0,NC
-,0.0,NC
-,0.0,NC
-,0.0,NC
-,0.0,NC
-,0.0,NC
-,0.0,NC
-,0.0,NC
-,0.0,NC
-,0.0,NC
-,0.0,NC
-,0.0,NC
-,0.0,NC
-,0.0,NC
-,0.0,NC
-,0.0,NC
-,0.0,NC
-,0.0,NC
-,0.0,NC
-,0.0,NC
-,0.0,NC
-,0.0,NC
-,0.0,NC
-,0.0,NC
-,0.0,NC
-,0.0,NC
-,0.0,NC
-,0.0,NC
-,0.0,NC
-,0.0,NC
-,0.0,NC
-,0.0,NC
-,0.0,NC
-,0.0,NC
-,0.0,NC
-,0.0,NC
-,0.0,NC
L,0.8481012658227848,NC
-,0.0,NC
-,0.0,NC
-,0.0,NC
-,0.0,NC
-,0.0,NC
-,0.0,NC
-,0.0,NC
-,0.0,NC
-,0.0,NC
L,0.6273291925465838,NC
-,0.0,NC
-,0.0,NC
-,0.0,NC
-,0.0,NC
-,0.0,NC
-,0.0,NC
-,0.0,NC
L,0.6708074534161491,NC
L,0.7560975609756098,NC
C,0.8943089430894309,NC
C,0.5987654320987654,NC
-,0.0,NC
V,0.5670731707317073,NC
-,0.0,NC
-,0.0,NC
-,0.0,NC
-,0.0,NC
-,0.0,NC
-,0.0,NC
L,0.7639751552795031,NC
S,0.7786885245901639,NC
S,0.6851851851851852,NC
-,0.0,NC
-,0.0,NC
-,0.0,NC
Y,0.5470588235294118,NC
-,0.0,NC
-,0.0,NC
-,0.0,NC
-,0.0,NC
-,0.0,NC
-,0.0,NC
-,0.0,NC
L,0.7102272727272727,NC
-,0.0,NC
-,0.0,NC
-,0.0,NC
-,0.0,NC
-,0.0,NC
-,0.0,NC
-,0.0,NC
-,0.0,NC
-,0.0,NC
-,0.0,NC
V,0.9014778325123153,C
-,0.0,NC
-,0.0,NC
D,0.746268656716418,NC
A,0.8712871287128713,NC
D,0.9748743718592965,C
D,0.9849246231155779,C
V,0.9748743718592965,C
-,0.0,NC
-,0.0,NC
-,0.0,NC
-,0.0,NC
-,0.0,NC
T,0.9704433497536946,C
-,0.0,NC
-,0.0,NC
K,0.9166666666666666,C
E,0.9117647058823529,C
E,0.9609756097560975,C
Q,0.970873786407767,C
-,0.0,NC
-,0.0,NC
-,0.0,NC
-,0.0,NC
-,0.0,NC
-,0.0,NC
-,0.0,NC
I,0.9174757281553398,C
-,0.0,NC
-,0.0,NC
F,0.5990338164251208,NC
L,0.9326923076923077,C
-,0.0,NC
L,0.9375,C
-,0.0,NC
R,0.5120772946859904,NC
A,0.9567307692307693,C
-,0.0,NC
A,0.6778846153846154,NC
-,0.0,NC
C,0.9710144927536232,C
E,0.8164251207729468,NC
-,0.0,NC
-,0.0,NC
L,0.6682692307692307,NC
K,0.8557692307692307,NC
-,0.0,NC
-,0.0,NC
L,0.6319444444444444,NC
-,0.0,NC
-,0.0,NC
-,0.0,NC
-,0.0,NC
-,0.0,NC
-,0.0,NC
-,0.0,NC
-,0.0,NC
-,0.0,NC
-,0.0,NC
-,0.0,NC
-,0.0,NC
-,0.0,NC
-,0.0,NC
-,0.0,NC
-,0.0,NC
-,0.0,NC
-,0.0,NC
-,0.0,NC
-,0.0,NC
-,0.0,NC
-,0.0,NC
-,0.0,NC
-,0.0,NC
-,0.0,NC
-,0.0,NC
-,0.0,NC
-,0.0,NC
-,0.0,NC
-,0.0,NC
-,0.0,NC
-,0.0,NC
-,0.0,NC
-,0.0,NC
-,0.0,NC
-,0.0,NC
-,0.0,NC
-,0.0,NC
-,0.0,NC
-,0.0,NC
-,0.0,NC
-,0.0,NC
-,0.0,NC
-,0.0,NC
-,0.0,NC
R,0.5169082125603864,NC
-,0.0,NC
-,0.0,NC
-,0.0,NC
G,0.5529953917050692,NC
-,0.0,NC
-,0.0,NC
-,0.0,NC
C,0.981651376146789,C
L,0.7064220183486238,NC
P,0.9541284403669725,C
E,0.9587155963302753,C
W,0.9954128440366973,C
D,0.9771689497716894,C
G,0.5159817351598174,NC
I,0.8904109589041096,NC
-,0.0,NC
V,0.54337899543379,NC
C,0.9862385321100917,C
W,0.9953703703703703,C
P,1.0,C
E,0.5395348837209303,NC
G,0.9767441860465116,C
-,0.0,NC
P,0.9861111111111112,C
G,0.9953703703703703,C
-,0.0,NC
V,0.6948356807511737,NC
V,0.9629629629629629,C
A,0.6666666666666666,NC
-,0.0,NC
P,0.728110599078341,NC
C,0.9861751152073732,C
P,1.0,C
D,0.5255813953488372,NC
Y,0.9953488372093023,C
I,0.986046511627907,C
Y,0.883177570093458,NC
D,1.0,C
F,0.9953271028037384,C
N,0.9579439252336449,C
-,0.0,NC
-,0.0,NC
-,0.0,NC
-,0.0,NC
-,0.0,NC
-,0.0,NC
-,0.0,NC
-,0.0,NC
-,0.0,NC
-,0.0,NC
-,0.0,NC
-,0.0,NC
-,0.0,NC
-,0.0,NC
-,0.0,NC
-,0.0,NC
-,0.0,NC
-,0.0,NC
-,0.0,NC
-,0.0,NC
-,0.0,NC
-,0.0,NC
-,0.0,NC
-,0.0,NC
H,0.9906976744186047,C
K,0.9348837209302325,C
G,0.9953703703703703,C
H,0.7235023041474654,NC
A,0.9907407407407407,C
Y,0.9490740740740741,C
R,1.0,C
R,0.9444444444444444,C
C,1.0,C
D,0.9814814814814815,C
-,0.0,NC
N,0.9953917050691244,C
G,1.0,C
S,0.7603686635944701,NC
W,1.0,C
E,0.9308755760368663,C
L,0.8755760368663594,NC
V,0.7373271889400922,NC
P,0.7222222222222222,NC
G,0.8390804597701149,NC
-,0.0,NC
N,0.9907834101382489,C
R,0.7373271889400922,NC
T,0.9953917050691244,C
W,1.0,C
A,1.0,C
N,0.9678899082568807,C
Y,0.9954128440366973,C
S,0.7660550458715596,NC
E,0.9954128440366973,C
C,1.0,C
-,0.0,NC
K,0.9541284403669725,C
F,0.9585253456221198,C
L,0.9357798165137615,C
-,0.0,NC
-,0.0,NC
T,0.6589861751152074,NC
N,0.9539170506912442,C
-,0.0,NC
E,0.6894977168949772,NC
-,0.0,NC
-,0.0,NC
T,0.730593607305936,NC
R,0.6666666666666666,NC
E,0.9090909090909091,C
R,0.6826086956521739,NC
E,0.9162995594713657,C
V,0.9779735682819384,C
-,0.0,NC
F,0.9955947136563876,C
D,0.7400881057268722,NC
R,0.9956140350877193,C
L,0.9955947136563876,C
Y,0.5859030837004405,NC
L,0.5682819383259912,NC
I,0.9823788546255506,C
Y,0.9911894273127754,C
T,0.9911894273127754,C
V,0.9473684210526315,C
G,0.9868421052631579,C
Y,0.9824561403508771,C
S,0.9824561403508771,C
I,0.5570175438596491,NC
S,0.9824561403508771,C
L,0.9737991266375546,C
G,0.5895196506550219,NC
S,0.982532751091703,C
L,0.9606986899563319,C
T,0.7086956521739131,NC
V,0.9475982532751092,C
A,0.9826086956521739,C
V,0.9563318777292577,C
L,0.7192982456140351,NC
I,0.9868421052631579,C
L,0.9912280701754386,C
G,0.5947136563876652,NC
Y,0.986784140969163,C
F,0.986784140969163,C
-,0.0,NC
-,0.0,NC
-,0.0,NC
-,0.0,NC
-,0.0,NC
-,0.0,NC
-,0.0,NC
-,0.0,NC
-,0.0,NC
-,0.0,NC
-,0.0,NC
-,0.0,NC
-,0.0,NC
-,0.0,NC
-,0.0,NC
-,0.0,NC
-,0.0,NC
-,0.0,NC
-,0.0,NC
-,0.0,NC
-,0.0,NC
-,0.0,NC
-,0.0,NC
-,0.0,NC
-,0.0,NC
-,0.0,NC
-,0.0,NC
-,0.0,NC
-,0.0,NC
R,0.9781659388646288,C
R,0.9565217391304348,C
L,0.9650655021834061,C
H,0.9650655021834061,C
C,0.9737991266375546,C
T,0.9650655021834061,C
R,0.9736842105263158,C
N,0.9692982456140351,C
Y,0.9601769911504425,C
I,0.9777777777777777,C
H,0.9866666666666667,C
M,0.960352422907489,C
H,0.9911504424778761,C
L,0.9292035398230089,C
F,0.9867256637168141,C
V,0.6194690265486725,NC
S,0.995575221238938,C
F,0.7964601769911505,NC
M,0.960352422907489,C
L,0.9912280701754386,C
R,0.9911894273127754,C
A,0.9559471365638766,C
V,0.5374449339207048,NC
S,0.9823788546255506,C
I,0.9691629955947136,C
F,0.9868421052631579,C
V,0.9515418502202643,C
K,0.973568281938326,C
D,0.982532751091703,C
A,0.6855895196506551,NC
V,0.9649122807017544,C
L,0.9824561403508771,C
Y,0.9736842105263158,C
S,0.9563318777292577,C
G,0.9429824561403509,C
S,0.5594713656387665,NC
A,0.5770925110132159,NC
L,0.9380530973451328,C
E,0.5545454545454546,NC
E,0.7522123893805309,NC
M,0.5575221238938053,NC
E,0.9469026548672567,C
R,0.8495575221238938,NC
-,0.0,NC
T,0.5633187772925764,NC
E,0.6608695652173913,NC
-,0.0,NC
E,0.9043478260869565,C
D,0.5826086956521739,NC
L,0.8913043478260869,NC
K,0.5695652173913044,NC
S,0.591304347826087,NC
I,0.908695652173913,C
T,0.591304347826087,NC
E,0.6043478260869565,NC
-,0.0,NC
A,0.8663793103448276,NC
P,0.9310344827586207,C
P,0.8491379310344828,NC
-,0.0,NC
-,0.0,NC
-,0.0,NC
A,0.76,NC
-,0.0,NC
K,0.6140350877192983,NC
-,0.0,NC
-,0.0,NC
-,0.0,NC
-,0.0,NC
Q,0.5130434782608696,NC
F,0.5714285714285714,NC
-,0.0,NC
G,0.9110169491525424,C
C,0.9957627118644068,C
K,0.6059322033898306,NC
V,0.9282700421940928,C
A,0.7245762711864406,NC
V,1.0,C
T,0.9915254237288136,C
F,0.635593220338983,NC
F,0.9957627118644068,C
L,0.8686440677966102,NC
Y,1.0,C
F,0.9957627118644068,C
L,1.0,C
A,0.9745762711864406,C
T,1.0,C
N,0.9830508474576272,C
Y,1.0,C
Y,0.9915254237288136,C
W,1.0,C
I,0.9788135593220338,C
L,1.0,C
V,1.0,C
E,1.0,C
G,1.0,C
L,1.0,C
Y,1.0,C
L,1.0,C
H,1.0,C
S,1.0,C
L,1.0,C
I,1.0,C
F,1.0,C
M,0.9957805907172996,C
A,0.7130801687763713,NC
F,0.9957805907172996,C
F,0.9873417721518988,C
S,0.9957805907172996,C
E,0.6877637130801688,NC
K,0.7468354430379747,NC
K,0.9957805907172996,C
Y,0.9662447257383966,C
L,0.9957805907172996,C
W,0.9535864978902954,C
G,0.9915611814345991,C
F,0.9915611814345991,C
T,0.9957805907172996,C
L,0.5738396624472574,NC
F,0.7088607594936709,NC
G,0.9957805907172996,C
W,0.9957805907172996,C
G,0.9830508474576272,C
L,0.676595744680851,NC
P,0.9914893617021276,C
A,0.9617021276595744,C
V,0.6068376068376068,NC
F,0.905982905982906,C
V,0.9871244635193133,C
T,0.5407725321888412,NC
V,0.5965665236051502,NC
W,0.9914163090128756,C
A,0.5793991416309013,NC
S,0.6394849785407726,NC
V,0.8969957081545065,NC
R,0.9913793103448276,C
A,0.9783549783549783,C
T,0.8441558441558441,NC
L,0.8138528138528138,NC
A,0.9913419913419913,C
D,0.5887445887445888,NC
T,0.987012987012987,C
E,0.591304347826087,NC
C,0.9913419913419913,C
W,0.9956896551724138,C
D,0.9698275862068966,C
L,0.9956896551724138,C
S,0.9914163090128756,C
A,0.6008583690987125,NC
-,0.0,NC
G,0.9570815450643777,C
N,0.8497854077253219,NC
-,0.0,NC
L,0.5344827586206896,NC
K,0.9742489270386266,C
W,0.9828326180257511,C
I,0.9613733905579399,C
I,0.6394849785407726,NC
Q,0.9914163090128756,C
V,0.9098712446351931,C
P,0.9914163090128756,C
I,0.9699570815450643,C
L,0.9699570815450643,C
A,0.759656652360515,NC
A,0.5793991416309013,NC
I,0.75,NC
V,0.9353448275862069,C
V,0.521551724137931,NC
N,0.9871244635193133,C
F,0.9913793103448276,C
I,0.7413793103448276,NC
L,0.9913793103448276,C
F,0.9956896551724138,C
I,0.7025862068965517,NC
N,0.9568965517241379,C
I,0.9914163090128756,C
I,0.6239316239316239,NC
R,0.9829059829059829,C
V,0.9829059829059829,C
L,0.9871794871794872,C
A,0.9871794871794872,C
T,0.9871244635193133,C
K,0.9871244635193133,C
L,0.9957081545064378,C
R,0.9827586206896551,C
E,0.9913793103448276,C
T,0.9741379310344828,C
N,0.9913793103448276,C
A,0.9871244635193133,C
G,0.9785407725321889,C
R,0.9870689655172413,C
C,0.9956896551724138,C
D,0.9956896551724138,C
T,0.7413793103448276,NC
R,0.9827586206896551,C
Q,0.9870689655172413,C
Q,0.9956896551724138,C
Y,0.9914163090128756,C
R,0.9956709956709957,C
-,0.0,NC
K,0.9869565217391304,C
L,0.991304347826087,C
L,0.9956521739130435,C
K,0.9694323144104804,C
S,0.9956331877729258,C
T,0.991304347826087,C
L,0.9869565217391304,C
V,0.9956521739130435,C
L,1.0,C
M,0.9608695652173913,C
P,0.9956521739130435,C
L,0.9956521739130435,C
F,0.9956521739130435,C
G,1.0,C
V,0.9956521739130435,C
H,0.9956521739130435,C
Y,0.9956521739130435,C
I,0.9260869565217391,C
V,0.808695652173913,NC
F,0.9956709956709957,C
M,0.8095238095238095,NC
A,0.9913419913419913,C
M,0.5670995670995671,NC
P,1.0,C
-,0.0,NC
-,0.0,NC
Y,0.9913419913419913,C
T,0.9913419913419913,C
E,0.7489177489177489,NC
V,0.9652173913043478,C
S,0.9217391304347826,C
G,0.9652173913043478,C
-,0.0,NC
L,0.7086956521739131,NC
W,1.0,C
Q,0.7956521739130434,NC
V,0.5695652173913044,NC
Q,0.991304347826087,C
M,0.987012987012987,C
H,0.9913419913419913,C
Y,0.9826086956521739,C
E,0.9826086956521739,C
M,0.9826086956521739,C
L,0.9912280701754386,C
F,0.9692982456140351,C
N,1.0,C
S,0.9956521739130435,C
F,0.9695652173913043,C
Q,0.9956709956709957,C
G,0.9911504424778761,C
F,0.9866666666666667,C
F,0.7955555555555556,NC
V,0.9911111111111112,C
A,0.9911111111111112,C
I,0.9822222222222222,C
I,1.0,C
Y,0.9955555555555555,C
C,0.995575221238938,C
F,1.0,C
C,0.9955555555555555,C
N,0.9955555555555555,C
G,0.9955555555555555,C
E,0.9955555555555555,C
V,1.0,C
Q,0.9868995633187773,C
A,0.9782608695652174,C
E,0.991304347826087,C
I,0.9739130434782609,C
K,0.9737991266375546,C
K,1.0,C
S,0.982532751091703,C
W,1.0,C
S,0.9694323144104804,C
R,1.0,C
W,0.7205240174672489,NC
T,0.9912663755458515,C
L,1.0,C
-,0.0,NC
A,1.0,C
-,0.0,NC
-,0.0,NC
L,0.9956331877729258,C
D,1.0,C
F,1.0,C
K,0.9868995633187773,C
R,0.9956331877729258,C
K,1.0,C
-,0.0,NC
A,1.0,C
-,0.0,NC
-,0.0,NC
-,0.0,NC
-,0.0,NC
-,0.0,NC
-,0.0,NC
-,0.0,NC
R,1.0,C
S,0.9956331877729258,C
G,1.0,C
S,0.9956331877729258,C
-,0.0,NC
T,0.5938864628820961,NC
Y,0.9956331877729258,C
-,0.0,NC
-,0.0,NC
S,0.9956331877729258,C
-,0.0,NC
Y,1.0,C
-,0.0,NC
-,0.0,NC
G,0.9955947136563876,C
P,0.9955947136563876,C
M,0.9911894273127754,C
V,0.9955947136563876,C
S,0.9955947136563876,C
-,0.0,NC
-,0.0,NC
-,0.0,NC
-,0.0,NC
H,0.9911894273127754,C
T,0.9955947136563876,C
-,0.0,NC
-,0.0,NC
-,0.0,NC
-,0.0,NC
-,0.0,NC
S,0.9823788546255506,C
-,0.0,NC
-,0.0,NC
V,0.7079646017699115,NC
T,0.995575221238938,C
N,0.9911504424778761,C
V,0.9646017699115044,C
-,0.0,NC
-,0.0,NC
R,0.9736842105263158,C
G,0.6008771929824561,NC
-,0.0,NC
-,0.0,NC
-,0.0,NC
-,0.0,NC
-,0.0,NC
L,0.9383259911894273,C
A,0.5330396475770925,NC
L,0.960352422907489,C
H,0.5657894736842105,NC
L,0.9780701754385965,C
-,0.0,NC
T,0.5526315789473685,NC
R,0.9649122807017544,C
L,0.9736842105263158,C
-,0.0,NC
-,0.0,NC
-,0.0,NC
-,0.0,NC
-,0.0,NC
P,0.9475982532751092,C
-,0.0,NC
-,0.0,NC
-,0.0,NC
-,0.0,NC
-,0.0,NC
-,0.0,NC
-,0.0,NC
-,0.0,NC
-,0.0,NC
N,0.9826086956521739,C
G,0.9956331877729258,C
H,0.9912663755458515,C
R,0.5903083700440529,NC
N,0.5789473684210527,NC
L,0.982532751091703,C
P,0.9912663755458515,C
G,0.9432314410480349,C
Y,0.6079295154185022,NC
V,0.5911111111111111,NC
-,0.0,NC
K,0.9601769911504425,C
N,0.5991189427312775,NC
G,0.973568281938326,C
S,0.6740088105726872,NC
-,0.0,NC
-,0.0,NC
-,0.0,NC
-,0.0,NC
S,0.6035242290748899,NC
-,0.0,NC
-,0.0,NC
-,0.0,NC
E,0.6136363636363636,NC
N,0.5638766519823789,NC
S,0.6079295154185022,NC
-,0.0,NC
P,0.9466666666666667,C
-,0.0,NC
S,0.6044444444444445,NC
-,0.0,NC
-,0.0,NC
-,0.0,NC
S,0.6044444444444445,NC
G,0.5688888888888889,NC
-,0.0,NC
E,0.5982142857142857,NC
-,0.0,NC
-,0.0,NC
K,0.72,NC
D,0.6607142857142857,NC
E,0.5796460176991151,NC
E,0.5663716814159292,NC
-,0.0,NC
L,0.7022222222222222,NC
N,0.7098214285714286,NC
G,0.7142857142857143,NC
-,0.0,NC
-,0.0,NC
S,0.7207207207207207,NC
G,0.7354260089686099,NC
L,0.728110599078341,NC
-,0.0,NC
-,0.0,NC
E,0.6090909090909091,NC
-,0.0,NC
-,0.0,NC
-,0.0,NC
-,0.0,NC
-,0.0,NC
-,0.0,NC
-,0.0,NC
-,0.0,NC
E,0.5947136563876652,NC
R,0.6475770925110133,NC
-,0.0,NC
P,0.9385964912280702,C
-,0.0,NC
-,0.0,NC
-,0.0,NC
-,0.0,NC
-,0.0,NC
-,0.0,NC
-,0.0,NC
-,0.0,NC
-,0.0,NC
L,0.6943231441048034,NC
V,0.5545851528384279,NC
E,0.6008771929824561,NC
-,0.0,NC
-,0.0,NC
-,0.0,NC
-,0.0,NC
-,0.0,NC
-,0.0,NC
-,0.0,NC
E,0.9824561403508771,C
E,0.9955947136563876,C
R,0.5752212389380531,NC
E,0.9955947136563876,C
-,0.0,NC
T,0.9911894273127754,C
V,0.986784140969163,C
M,0.9823788546255506,C
-,0.0,NC
