residue_sctr,frequency_sctr,status_sctr
M,0.90625,C
R,0.5789473684210527,NC
-,0.0,NC
-,0.0,NC
-,0.0,NC
-,0.0,NC
-,0.0,NC
-,0.0,NC
-,0.0,NC
-,0.0,NC
-,0.0,NC
-,0.0,NC
-,0.0,NC
-,0.0,NC
-,0.0,NC
-,0.0,NC
-,0.0,NC
-,0.0,NC
-,0.0,NC
-,0.0,NC
-,0.0,NC
-,0.0,NC
-,0.0,NC
-,0.0,NC
-,0.0,NC
-,0.0,NC
-,0.0,NC
-,0.0,NC
-,0.0,NC
-,0.0,NC
-,0.0,NC
-,0.0,NC
-,0.0,NC
-,0.0,NC
-,0.0,NC
-,0.0,NC
-,0.0,NC
-,0.0,NC
-,0.0,NC
-,0.0,NC
-,0.0,NC
-,0.0,NC
-,0.0,NC
-,0.0,NC
-,0.0,NC
-,0.0,NC
-,0.0,NC
-,0.0,NC
-,0.0,NC
-,0.0,NC
-,0.0,NC
-,0.0,NC
-,0.0,NC
-,0.0,NC
-,0.0,NC
-,0.0,NC
-,0.0,NC
-,0.0,NC
-,0.0,NC
-,0.0,NC
-,0.0,NC
-,0.0,NC
-,0.0,NC
-,0.0,NC
-,0.0,NC
-,0.0,NC
-,0.0,NC
-,0.0,NC
-,0.0,NC
-,0.0,NC
-,0.0,NC
-,0.0,NC
-,0.0,NC
-,0.0,NC
-,0.0,NC
-,0.0,NC
-,0.0,NC
-,0.0,NC
-,0.0,NC
-,0.0,NC
-,0.0,NC
-,0.0,NC
-,0.0,NC
-,0.0,NC
-,0.0,NC
-,0.0,NC
-,0.0,NC
L,0.6299212598425197,NC
-,0.0,NC
-,0.0,NC
-,0.0,NC
-,0.0,NC
-,0.0,NC
-,0.0,NC
L,0.5748031496062992,NC
-,0.0,NC
-,0.0,NC
-,0.0,NC
-,0.0,NC
-,0.0,NC
-,0.0,NC
-,0.0,NC
-,0.0,NC
-,0.0,NC
-,0.0,NC
-,0.0,NC
-,0.0,NC
-,0.0,NC
-,0.0,NC
-,0.0,NC
-,0.0,NC
-,0.0,NC
-,0.0,NC
-,0.0,NC
-,0.0,NC
-,0.0,NC
-,0.0,NC
-,0.0,NC
-,0.0,NC
-,0.0,NC
-,0.0,NC
-,0.0,NC
G,0.5661764705882353,NC
A,0.7591240875912408,NC
-,0.0,NC
-,0.0,NC
-,0.0,NC
-,0.0,NC
-,0.0,NC
-,0.0,NC
-,0.0,NC
P,0.8870967741935484,NC
-,0.0,NC
-,0.0,NC
-,0.0,NC
L,0.5507246376811594,NC
C,0.965034965034965,C
D,0.8251748251748252,NC
V,0.5586206896551724,NC
-,0.0,NC
-,0.0,NC
-,0.0,NC
-,0.0,NC
-,0.0,NC
-,0.0,NC
-,0.0,NC
L,0.7448275862068966,NC
-,0.0,NC
-,0.0,NC
-,0.0,NC
V,0.7152777777777778,NC
-,0.0,NC
L,0.900709219858156,C
-,0.0,NC
-,0.0,NC
E,0.9020979020979021,C
-,0.0,NC
-,0.0,NC
Q,0.5174825174825175,NC
C,0.965034965034965,C
L,0.5763888888888888,NC
Q,0.5103448275862069,NC
E,0.5138888888888888,NC
L,0.9230769230769231,C
S,0.6808510638297872,NC
-,0.0,NC
E,0.7535211267605634,NC
-,0.0,NC
-,0.0,NC
-,0.0,NC
-,0.0,NC
-,0.0,NC
-,0.0,NC
-,0.0,NC
-,0.0,NC
-,0.0,NC
-,0.0,NC
-,0.0,NC
-,0.0,NC
-,0.0,NC
-,0.0,NC
-,0.0,NC
-,0.0,NC
-,0.0,NC
-,0.0,NC
-,0.0,NC
-,0.0,NC
-,0.0,NC
-,0.0,NC
-,0.0,NC
-,0.0,NC
-,0.0,NC
-,0.0,NC
-,0.0,NC
-,0.0,NC
-,0.0,NC
-,0.0,NC
-,0.0,NC
-,0.0,NC
-,0.0,NC
-,0.0,NC
-,0.0,NC
-,0.0,NC
-,0.0,NC
-,0.0,NC
-,0.0,NC
-,0.0,NC
-,0.0,NC
-,0.0,NC
D,0.5096153846153846,NC
-,0.0,NC
-,0.0,NC
-,0.0,NC
-,0.0,NC
-,0.0,NC
P,0.5165562913907285,NC
-,0.0,NC
-,0.0,NC
-,0.0,NC
-,0.0,NC
G,0.519774011299435,NC
C,0.994475138121547,C
-,0.0,NC
G,0.9226519337016574,C
M,0.5384615384615384,NC
W,0.9945054945054945,C
D,0.9725274725274725,C
N,0.8406593406593407,NC
M,0.6043956043956044,NC
-,0.0,NC
S,0.7747252747252747,NC
C,1.0,C
W,0.9945054945054945,C
P,0.9395604395604396,C
S,0.8241758241758241,NC
S,0.7967032967032966,NC
A,0.510989010989011,NC
-,0.0,NC
G,0.9725274725274725,C
Q,0.6043956043956044,NC
T,0.8131868131868132,NC
V,0.9395604395604396,C
-,0.0,NC
-,0.0,NC
-,0.0,NC
C,0.9945054945054945,C
P,0.9890710382513661,C
-,0.0,NC
F,0.9289617486338798,C
L,0.546448087431694,NC
Q,0.5355191256830601,NC
M,0.8789808917197452,NC
L,0.89171974522293,NC
T,0.8598726114649682,NC
G,0.7707006369426752,NC
-,0.0,NC
-,0.0,NC
-,0.0,NC
-,0.0,NC
-,0.0,NC
-,0.0,NC
-,0.0,NC
-,0.0,NC
-,0.0,NC
-,0.0,NC
-,0.0,NC
-,0.0,NC
-,0.0,NC
-,0.0,NC
-,0.0,NC
-,0.0,NC
-,0.0,NC
-,0.0,NC
-,0.0,NC
-,0.0,NC
-,0.0,NC
-,0.0,NC
-,0.0,NC
-,0.0,NC
-,0.0,NC
G,0.9891304347826086,C
-,0.0,NC
V,0.5108695652173914,NC
-,0.0,NC
R,0.9728260869565217,C
N,0.9945652173913043,C
C,0.9945652173913043,C
T,0.9945652173913043,C
-,0.0,NC
-,0.0,NC
G,1.0,C
-,0.0,NC
W,1.0,C
S,0.8961748633879781,NC
E,0.6174863387978142,NC
-,0.0,NC
-,0.0,NC
-,0.0,NC
-,0.0,NC
-,0.0,NC
F,0.6229508196721312,NC
P,0.9289617486338798,C
-,0.0,NC
R,0.7814207650273224,NC
P,0.73224043715847,NC
D,0.7540983606557377,NC
-,0.0,NC
A,1.0,C
C,1.0,C
G,0.949438202247191,C
-,0.0,NC
N,0.7333333333333333,NC
V,0.7595628415300546,NC
N,0.9398907103825137,C
D,0.7814207650273224,NC
-,0.0,NC
-,0.0,NC
-,0.0,NC
N,0.7932960893854749,NC
-,0.0,NC
-,0.0,NC
E,0.8044692737430168,NC
-,0.0,NC
R,0.8100558659217877,NC
-,0.0,NC
-,0.0,NC
Y,0.9347826086956522,C
-,0.0,NC
-,0.0,NC
-,0.0,NC
K,0.5513513513513514,NC
L,0.8432432432432433,NC
K,0.9081081081081082,C
-,0.0,NC
M,0.9086021505376344,C
Y,1.0,C
T,0.9193548387096774,C
V,0.7043010752688172,NC
G,1.0,C
Y,0.967741935483871,C
S,0.5698924731182796,NC
-,0.0,NC
S,1.0,C
L,0.967741935483871,C
V,0.7795698924731183,NC
-,0.0,NC
L,0.9946236559139785,C
-,0.0,NC
V,0.5161290322580645,NC
A,1.0,C
L,0.8602150537634409,NC
-,0.0,NC
I,0.6129032258064516,NC
L,0.9623655913978495,C
C,0.5591397849462365,NC
-,0.0,NC
F,0.9354838709677419,C
-,0.0,NC
-,0.0,NC
-,0.0,NC
-,0.0,NC
-,0.0,NC
-,0.0,NC
-,0.0,NC
-,0.0,NC
-,0.0,NC
-,0.0,NC
-,0.0,NC
-,0.0,NC
-,0.0,NC
-,0.0,NC
-,0.0,NC
-,0.0,NC
-,0.0,NC
-,0.0,NC
-,0.0,NC
-,0.0,NC
-,0.0,NC
-,0.0,NC
-,0.0,NC
-,0.0,NC
-,0.0,NC
-,0.0,NC
-,0.0,NC
-,0.0,NC
-,0.0,NC
R,0.9946524064171123,C
R,0.8021390374331551,NC
L,1.0,C
H,0.7058823529411765,NC
C,1.0,C
T,0.9893048128342246,C
R,1.0,C
N,1.0,C
Y,0.9251336898395722,C
I,0.983957219251337,C
H,0.9946524064171123,C
M,0.8670212765957447,NC
H,0.8297872340425532,NC
L,1.0,C
F,0.9946808510638298,C
V,0.5053191489361702,NC
S,1.0,C
F,0.9893617021276596,C
I,1.0,C
L,0.9574468085106383,C
R,0.9893617021276596,C
A,0.9893617021276596,C
L,0.526595744680851,NC
S,0.8297872340425532,NC
N,0.7819148936170213,NC
F,0.9680851063829787,C
I,0.9521276595744681,C
K,0.8563829787234043,NC
D,0.9946808510638298,C
A,0.8351063829787234,NC
V,0.8351063829787234,NC
L,1.0,C
F,0.9032258064516129,C
S,0.8478260869565217,NC
S,0.8225806451612904,NC
-,0.0,NC
-,0.0,NC
-,0.0,NC
-,0.0,NC
-,0.0,NC
-,0.0,NC
-,0.0,NC
-,0.0,NC
-,0.0,NC
-,0.0,NC
-,0.0,NC
-,0.0,NC
-,0.0,NC
D,0.9148936170212766,C
-,0.0,NC
-,0.0,NC
-,0.0,NC
-,0.0,NC
-,0.0,NC
-,0.0,NC
-,0.0,NC
-,0.0,NC
-,0.0,NC
-,0.0,NC
-,0.0,NC
-,0.0,NC
Y,0.5425531914893617,NC
-,0.0,NC
C,1.0,C
D,0.526595744680851,NC
A,0.6844919786096256,NC
-,0.0,NC
-,0.0,NC
-,0.0,NC
H,0.5775401069518716,NC
-,0.0,NC
-,0.0,NC
G,0.8494623655913979,NC
C,1.0,C
K,0.9731182795698925,C
L,0.7688172043010753,NC
V,0.5806451612903226,NC
M,0.8387096774193549,NC
V,0.6505376344086021,NC
F,0.8010752688172043,NC
F,0.8225806451612904,NC
Q,0.8181818181818182,NC
Y,0.9680851063829787,C
C,0.9574468085106383,C
I,0.9946808510638298,C
M,0.8138297872340425,NC
A,0.7074468085106383,NC
N,1.0,C
Y,0.9840425531914894,C
S,0.7659574468085106,NC
W,1.0,C
L,0.9946808510638298,C
L,1.0,C
V,0.925531914893617,C
E,1.0,C
G,0.9893617021276596,C
L,0.8404255319148937,NC
Y,0.9521276595744681,C
L,0.9946808510638298,C
H,0.9202127659574468,C
T,0.8457446808510638,NC
L,0.9946808510638298,C
L,0.8617021276595744,NC
V,0.6648936170212766,NC
I,0.7446808510638298,NC
S,0.9841269841269841,C
F,0.9090909090909091,C
F,0.9365079365079365,C
S,0.9682539682539683,C
E,0.8253968253968254,NC
R,0.7936507936507936,NC
K,0.973404255319149,C
-,0.0,NC
L,0.8609625668449198,NC
-,0.0,NC
-,0.0,NC
F,0.7872340425531915,NC
I,0.5478723404255319,NC
A,0.7021276595744681,NC
L,0.925531914893617,C
G,0.9521276595744681,C
W,1.0,C
G,1.0,C
S,0.5240641711229946,NC
P,0.9946808510638298,C
A,0.526595744680851,NC
-,0.0,NC
F,0.851063829787234,NC
V,0.7978723404255319,NC
A,0.6382978723404256,NC
-,0.0,NC
W,0.9946808510638298,C
A,0.7819148936170213,NC
-,0.0,NC
A,0.5797872340425532,NC
R,0.851063829787234,NC
-,0.0,NC
F,0.5343915343915344,NC
-,0.0,NC
E,0.9576719576719577,C
D,0.6137566137566137,NC
-,0.0,NC
G,0.9894179894179894,C
C,1.0,C
W,1.0,C
D,0.8556149732620321,NC
I,0.7914438502673797,NC
N,0.8235294117647058,NC
-,0.0,NC
-,0.0,NC
N,0.7569060773480663,NC
A,0.6951871657754011,NC
-,0.0,NC
I,0.6256684491978609,NC
W,0.9572192513368984,C
W,1.0,C
I,0.6256684491978609,NC
I,0.8556149732620321,NC
R,0.9358288770053476,C
G,0.8609625668449198,NC
P,1.0,C
V,0.9090909090909091,C
I,0.5187165775401069,NC
L,0.7967914438502673,NC
S,0.8663101604278075,NC
I,0.9518716577540107,C
-,0.0,NC
I,0.7807486631016043,NC
N,0.983957219251337,C
F,0.8449197860962567,NC
I,0.8494623655913979,NC
L,0.7688172043010753,NC
F,0.989247311827957,C
-,0.0,NC
N,0.7903225806451613,NC
I,0.978494623655914,C
L,0.8602150537634409,NC
R,0.9354838709677419,C
I,0.9351351351351351,C
L,0.9783783783783784,C
M,0.8064516129032258,NC
R,0.6989247311827957,NC
K,0.9946236559139785,C
L,0.989247311827957,C
R,0.6290322580645161,NC
T,0.532258064516129,NC
-,0.0,NC
E,0.7849462365591398,NC
-,0.0,NC
R,0.7637362637362637,NC
G,0.6344086021505376,NC
N,0.6129032258064516,NC
E,0.5913978494623656,NC
-,0.0,NC
-,0.0,NC
N,0.6505376344086021,NC
Q,0.510752688172043,NC
Y,0.946236559139785,C
K,0.9032258064516129,C
-,0.0,NC
R,0.8972972972972973,NC
L,0.9946524064171123,C
A,0.93048128342246,C
K,0.8609625668449198,NC
S,0.9946524064171123,C
T,0.9679144385026738,C
L,0.8663101604278075,NC
L,0.9144385026737968,C
L,0.9946524064171123,C
I,0.8021390374331551,NC
P,0.8609625668449198,NC
L,0.9893048128342246,C
F,0.9946524064171123,C
G,0.9946524064171123,C
V,0.5347593582887701,NC
H,0.9247311827956989,C
Y,0.9946236559139785,C
I,0.8924731182795699,NC
I,0.543010752688172,NC
F,0.9838709677419355,C
A,0.9301075268817204,C
F,0.9619565217391305,C
-,0.0,NC
P,0.9837837837837838,C
-,0.0,NC
-,0.0,NC
E,0.7903225806451613,NC
D,0.8172043010752689,NC
A,0.6972972972972973,NC
S,0.7653061224489796,NC
S,0.6907216494845361,NC
G,0.65625,NC
-,0.0,NC
T,0.8041237113402062,NC
M,0.7445652173913043,NC
E,0.8756756756756757,NC
I,0.7634408602150538,NC
Q,0.8010752688172043,NC
L,0.7526881720430108,NC
F,0.8709677419354839,NC
F,0.8494623655913979,NC
E,0.989247311827957,C
L,0.9623655913978495,C
A,0.9621621621621622,C
L,0.9135135135135135,C
G,0.8478260869565217,NC
S,0.9891304347826086,C
F,0.8540540540540541,NC
Q,0.9945945945945946,C
G,0.9731182795698925,C
L,0.5135135135135135,NC
V,0.8324324324324325,NC
V,0.9675675675675676,C
A,0.972972972972973,C
V,0.8043478260869565,NC
L,0.9836065573770492,C
Y,0.9890710382513661,C
C,0.9945054945054945,C
F,0.989010989010989,C
L,0.9447513812154696,C
N,0.989010989010989,C
G,0.9453551912568307,C
E,0.9726775956284153,C
V,0.994475138121547,C
Q,0.9273743016759777,C
L,0.7597765363128491,NC
E,0.9662921348314607,C
V,0.7528089887640449,NC
Q,0.8820224719101124,NC
R,0.5224719101123596,NC
K,0.8156424581005587,NC
W,0.9832402234636871,C
R,0.7722222222222223,NC
Q,0.7888888888888889,NC
W,0.9444444444444444,C
H,0.7653631284916201,NC
L,0.8539325842696629,NC
-,0.0,NC
-,0.0,NC
-,0.0,NC
-,0.0,NC
-,0.0,NC
-,0.0,NC
-,0.0,NC
-,0.0,NC
-,0.0,NC
P,0.6299212598425197,NC
-,0.0,NC
-,0.0,NC
-,0.0,NC
-,0.0,NC
-,0.0,NC
-,0.0,NC
-,0.0,NC
-,0.0,NC
-,0.0,NC
-,0.0,NC
-,0.0,NC
-,0.0,NC
-,0.0,NC
-,0.0,NC
-,0.0,NC
-,0.0,NC
-,0.0,NC
-,0.0,NC
-,0.0,NC
-,0.0,NC
-,0.0,NC
-,0.0,NC
-,0.0,NC
L,0.6896551724137931,NC
S,0.7604790419161677,NC
-,0.0,NC
-,0.0,NC
-,0.0,NC
-,0.0,NC
-,0.0,NC
-,0.0,NC
-,0.0,NC
-,0.0,NC
-,0.0,NC
-,0.0,NC
-,0.0,NC
-,0.0,NC
-,0.0,NC
-,0.0,NC
S,0.5919540229885057,NC
-,0.0,NC
-,0.0,NC
-,0.0,NC
-,0.0,NC
-,0.0,NC
-,0.0,NC
-,0.0,NC
-,0.0,NC
-,0.0,NC
-,0.0,NC
-,0.0,NC
-,0.0,NC
-,0.0,NC
-,0.0,NC
-,0.0,NC
-,0.0,NC
-,0.0,NC
S,0.7611111111111111,NC
-,0.0,NC
-,0.0,NC
-,0.0,NC
-,0.0,NC
-,0.0,NC
-,0.0,NC
-,0.0,NC
-,0.0,NC
-,0.0,NC
-,0.0,NC
-,0.0,NC
-,0.0,NC
S,0.7752808988764045,NC
-,0.0,NC
-,0.0,NC
-,0.0,NC
N,0.7318435754189944,NC
-,0.0,NC
-,0.0,NC
-,0.0,NC
-,0.0,NC
-,0.0,NC
-,0.0,NC
-,0.0,NC
-,0.0,NC
-,0.0,NC
-,0.0,NC
-,0.0,NC
G,0.7888888888888889,NC
-,0.0,NC
-,0.0,NC
-,0.0,NC
-,0.0,NC
S,0.8807339449541285,NC
G,0.7045454545454546,NC
L,0.6666666666666666,NC
-,0.0,NC
-,0.0,NC
T,0.8592592592592593,NC
-,0.0,NC
Q,0.6204379562043796,NC
-,0.0,NC
-,0.0,NC
-,0.0,NC
-,0.0,NC
-,0.0,NC
-,0.0,NC
-,0.0,NC
-,0.0,NC
-,0.0,NC
-,0.0,NC
K,0.6171428571428571,NC
-,0.0,NC
-,0.0,NC
S,0.8057142857142857,NC
-,0.0,NC
P,0.5287356321839081,NC
-,0.0,NC
-,0.0,NC
-,0.0,NC
-,0.0,NC
-,0.0,NC
E,0.7471264367816092,NC
-,0.0,NC
-,0.0,NC
-,0.0,NC
-,0.0,NC
-,0.0,NC
-,0.0,NC
-,0.0,NC
-,0.0,NC
-,0.0,NC
-,0.0,NC
-,0.0,NC
-,0.0,NC
Q,0.5328947368421053,NC
-,0.0,NC
-,0.0,NC
-,0.0,NC
-,0.0,NC
-,0.0,NC
-,0.0,NC
R,0.5813953488372093,NC
-,0.0,NC
-,0.0,NC
-,0.0,NC
-,0.0,NC
-,0.0,NC
-,0.0,NC
-,0.0,NC
-,0.0,NC
-,0.0,NC
-,0.0,NC
-,0.0,NC
-,0.0,NC
-,0.0,NC
-,0.0,NC
T,0.7425149700598802,NC
-,0.0,NC
-,0.0,NC
-,0.0,NC
-,0.0,NC
-,0.0,NC
-,0.0,NC
-,0.0,NC
-,0.0,NC
-,0.0,NC
R,0.79375,NC
-,0.0,NC
-,0.0,NC
-,0.0,NC
-,0.0,NC
S,0.85625,NC
V,0.6075949367088608,NC
I,0.5806451612903226,NC
-,0.0,NC
