residue_vipr1,frequency_vipr1,status_vipr1
M,0.9037037037037037,C
-,0.0,NC
-,0.0,NC
-,0.0,NC
-,0.0,NC
-,0.0,NC
-,0.0,NC
-,0.0,NC
-,0.0,NC
-,0.0,NC
-,0.0,NC
-,0.0,NC
-,0.0,NC
-,0.0,NC
-,0.0,NC
-,0.0,NC
-,0.0,NC
-,0.0,NC
-,0.0,NC
-,0.0,NC
-,0.0,NC
-,0.0,NC
-,0.0,NC
-,0.0,NC
-,0.0,NC
-,0.0,NC
-,0.0,NC
-,0.0,NC
-,0.0,NC
-,0.0,NC
-,0.0,NC
-,0.0,NC
-,0.0,NC
-,0.0,NC
-,0.0,NC
-,0.0,NC
-,0.0,NC
-,0.0,NC
-,0.0,NC
-,0.0,NC
-,0.0,NC
-,0.0,NC
-,0.0,NC
-,0.0,NC
-,0.0,NC
-,0.0,NC
-,0.0,NC
-,0.0,NC
-,0.0,NC
-,0.0,NC
-,0.0,NC
-,0.0,NC
-,0.0,NC
-,0.0,NC
-,0.0,NC
-,0.0,NC
-,0.0,NC
-,0.0,NC
-,0.0,NC
-,0.0,NC
-,0.0,NC
-,0.0,NC
-,0.0,NC
-,0.0,NC
L,0.696,NC
-,0.0,NC
-,0.0,NC
-,0.0,NC
-,0.0,NC
-,0.0,NC
-,0.0,NC
-,0.0,NC
-,0.0,NC
-,0.0,NC
-,0.0,NC
-,0.0,NC
-,0.0,NC
-,0.0,NC
-,0.0,NC
-,0.0,NC
-,0.0,NC
-,0.0,NC
L,0.6370967741935484,NC
-,0.0,NC
-,0.0,NC
-,0.0,NC
-,0.0,NC
-,0.0,NC
-,0.0,NC
-,0.0,NC
-,0.0,NC
-,0.0,NC
-,0.0,NC
-,0.0,NC
L,0.8048780487804879,NC
-,0.0,NC
C,0.6428571428571429,NC
-,0.0,NC
-,0.0,NC
-,0.0,NC
-,0.0,NC
L,0.7936507936507936,NC
-,0.0,NC
-,0.0,NC
-,0.0,NC
-,0.0,NC
-,0.0,NC
-,0.0,NC
-,0.0,NC
-,0.0,NC
-,0.0,NC
P,0.5328467153284672,NC
-,0.0,NC
-,0.0,NC
-,0.0,NC
-,0.0,NC
-,0.0,NC
-,0.0,NC
-,0.0,NC
-,0.0,NC
-,0.0,NC
-,0.0,NC
-,0.0,NC
L,0.5555555555555556,NC
-,0.0,NC
-,0.0,NC
-,0.0,NC
-,0.0,NC
-,0.0,NC
-,0.0,NC
-,0.0,NC
-,0.0,NC
-,0.0,NC
-,0.0,NC
-,0.0,NC
E,0.5786163522012578,NC
C,0.9811320754716981,C
D,0.61875,NC
-,0.0,NC
-,0.0,NC
-,0.0,NC
-,0.0,NC
-,0.0,NC
-,0.0,NC
-,0.0,NC
-,0.0,NC
-,0.0,NC
-,0.0,NC
-,0.0,NC
-,0.0,NC
-,0.0,NC
-,0.0,NC
I,0.9190751445086706,C
E,0.7687861271676301,NC
-,0.0,NC
-,0.0,NC
-,0.0,NC
-,0.0,NC
-,0.0,NC
C,0.9542857142857143,C
L,0.8548387096774194,NC
E,0.6781609195402298,NC
E,0.5344827586206896,NC
-,0.0,NC
-,0.0,NC
-,0.0,NC
E,0.5581395348837209,NC
-,0.0,NC
-,0.0,NC
-,0.0,NC
-,0.0,NC
-,0.0,NC
-,0.0,NC
-,0.0,NC
-,0.0,NC
-,0.0,NC
-,0.0,NC
-,0.0,NC
-,0.0,NC
-,0.0,NC
-,0.0,NC
-,0.0,NC
-,0.0,NC
-,0.0,NC
-,0.0,NC
-,0.0,NC
-,0.0,NC
-,0.0,NC
-,0.0,NC
-,0.0,NC
-,0.0,NC
-,0.0,NC
-,0.0,NC
-,0.0,NC
-,0.0,NC
-,0.0,NC
-,0.0,NC
-,0.0,NC
-,0.0,NC
-,0.0,NC
-,0.0,NC
-,0.0,NC
-,0.0,NC
-,0.0,NC
-,0.0,NC
-,0.0,NC
-,0.0,NC
-,0.0,NC
-,0.0,NC
-,0.0,NC
-,0.0,NC
-,0.0,NC
-,0.0,NC
-,0.0,NC
N,0.9425287356321839,C
-,0.0,NC
T,0.9257142857142857,C
-,0.0,NC
-,0.0,NC
-,0.0,NC
G,0.9894736842105263,C
C,0.9895833333333334,C
-,0.0,NC
-,0.0,NC
M,0.7616580310880829,NC
W,0.9791666666666666,C
D,0.9742268041237113,C
N,0.7253886010362695,NC
I,0.538860103626943,NC
-,0.0,NC
T,0.7010309278350515,NC
C,0.979381443298969,C
W,0.9846153846153847,C
P,0.9795918367346939,C
-,0.0,NC
A,0.5204081632653061,NC
-,0.0,NC
-,0.0,NC
G,0.9641025641025641,C
E,0.5051546391752577,NC
V,0.8556701030927835,NC
V,0.9282051282051282,C
V,0.7319587628865979,NC
-,0.0,NC
-,0.0,NC
C,0.979381443298969,C
P,0.9845360824742269,C
-,0.0,NC
Y,0.5052631578947369,NC
F,0.9210526315789473,C
-,0.0,NC
-,0.0,NC
F,0.7643979057591623,NC
S,0.7277486910994765,NC
-,0.0,NC
-,0.0,NC
-,0.0,NC
-,0.0,NC
-,0.0,NC
-,0.0,NC
-,0.0,NC
-,0.0,NC
-,0.0,NC
-,0.0,NC
-,0.0,NC
-,0.0,NC
-,0.0,NC
-,0.0,NC
-,0.0,NC
-,0.0,NC
-,0.0,NC
-,0.0,NC
-,0.0,NC
-,0.0,NC
-,0.0,NC
-,0.0,NC
-,0.0,NC
-,0.0,NC
-,0.0,NC
-,0.0,NC
G,0.5445026178010471,NC
N,0.9844559585492227,C
V,0.6735751295336787,NC
S,0.8092783505154639,NC
R,0.711340206185567,NC
-,0.0,NC
C,0.9948453608247423,C
T,0.9742268041237113,C
-,0.0,NC
-,0.0,NC
G,0.9948186528497409,C
-,0.0,NC
W,0.9948453608247423,C
T,0.8290155440414507,NC
-,0.0,NC
-,0.0,NC
-,0.0,NC
-,0.0,NC
-,0.0,NC
-,0.0,NC
-,0.0,NC
P,0.9487179487179487,C
-,0.0,NC
P,0.6461538461538462,NC
Y,0.7164948453608248,NC
-,0.0,NC
V,0.5463917525773195,NC
A,0.711340206185567,NC
C,0.9948453608247423,C
G,0.96875,C
Y,0.5260416666666666,NC
D,0.6302083333333334,NC
-,0.0,NC
N,0.6580310880829016,NC
-,0.0,NC
T,0.5492227979274611,NC
-,0.0,NC
-,0.0,NC
D,0.6335078534031413,NC
-,0.0,NC
-,0.0,NC
E,0.8333333333333334,NC
Q,0.5611510791366906,NC
Q,0.5240641711229946,NC
-,0.0,NC
-,0.0,NC
F,0.9536082474226805,C
-,0.0,NC
Y,0.5979381443298969,NC
-,0.0,NC
-,0.0,NC
V,0.8934010152284264,NC
K,0.9289340101522843,C
T,0.6294416243654822,NC
G,0.9025641025641026,C
Y,0.9487179487179487,C
T,0.9583333333333334,C
I,0.8324607329842932,NC
G,0.9738219895287958,C
H,0.5392670157068062,NC
S,0.7789473684210526,NC
L,0.6839378238341969,NC
S,0.9587628865979382,C
L,0.9690721649484536,C
-,0.0,NC
-,0.0,NC
L,0.9849246231155779,C
-,0.0,NC
-,0.0,NC
A,0.9296482412060302,C
-,0.0,NC
-,0.0,NC
I,0.875,NC
L,0.945,C
-,0.0,NC
L,0.57,NC
F,0.9154228855721394,C
-,0.0,NC
-,0.0,NC
-,0.0,NC
-,0.0,NC
-,0.0,NC
-,0.0,NC
-,0.0,NC
-,0.0,NC
-,0.0,NC
-,0.0,NC
-,0.0,NC
-,0.0,NC
-,0.0,NC
-,0.0,NC
-,0.0,NC
-,0.0,NC
-,0.0,NC
-,0.0,NC
-,0.0,NC
-,0.0,NC
-,0.0,NC
-,0.0,NC
-,0.0,NC
-,0.0,NC
-,0.0,NC
-,0.0,NC
-,0.0,NC
-,0.0,NC
-,0.0,NC
R,0.9900497512437811,C
K,0.995049504950495,C
L,1.0,C
H,0.9753694581280788,C
C,0.9950738916256158,C
T,0.9852216748768473,C
R,0.9900990099009901,C
N,0.9900990099009901,C
Y,0.9900497512437811,C
I,0.9900990099009901,C
H,0.995049504950495,C
M,0.8910891089108911,NC
H,0.9701492537313433,C
L,0.9950248756218906,C
F,0.995,C
-,0.0,NC
S,0.975,C
F,0.995,C
I,0.985,C
L,0.745,NC
R,0.705,NC
A,0.9850746268656716,C
I,0.5174129353233831,NC
A,0.8756218905472637,NC
V,0.9850746268656716,C
F,0.9701492537313433,C
I,0.7810945273631841,NC
K,0.9950248756218906,C
D,0.9950248756218906,C
-,0.0,NC
-,0.0,NC
L,0.9900990099009901,C
F,0.6881188118811881,NC
-,0.0,NC
S,0.582089552238806,NC
-,0.0,NC
-,0.0,NC
-,0.0,NC
-,0.0,NC
-,0.0,NC
-,0.0,NC
-,0.0,NC
-,0.0,NC
-,0.0,NC
-,0.0,NC
-,0.0,NC
-,0.0,NC
G,0.675,NC
E,0.8955223880597015,NC
S,0.5024875621890548,NC
-,0.0,NC
-,0.0,NC
-,0.0,NC
-,0.0,NC
D,0.7512437810945274,NC
-,0.0,NC
-,0.0,NC
-,0.0,NC
-,0.0,NC
-,0.0,NC
-,0.0,NC
-,0.0,NC
-,0.0,NC
C,1.0,C
S,0.6582914572864321,NC
-,0.0,NC
-,0.0,NC
-,0.0,NC
-,0.0,NC
G,0.6666666666666666,NC
S,0.9158415841584159,C
V,0.9320388349514563,C
G,0.9223300970873787,C
C,0.9951456310679612,C
K,0.9951456310679612,C
A,0.9077669902912622,C
A,0.5485436893203883,NC
-,0.0,NC
V,0.9757281553398058,C
F,0.7718446601941747,NC
F,1.0,C
Q,0.9902912621359223,C
Y,1.0,C
C,0.9806763285024155,C
V,0.5507246376811594,NC
M,1.0,C
A,0.9806763285024155,C
N,0.7294685990338164,NC
F,0.9903381642512077,C
F,0.9951690821256038,C
W,1.0,C
L,1.0,C
L,1.0,C
V,1.0,C
E,1.0,C
G,0.9855072463768116,C
L,0.9951690821256038,C
Y,1.0,C
L,0.9903381642512077,C
H,0.8695652173913043,NC
T,0.7198067632850241,NC
L,1.0,C
L,1.0,C
A,0.7053140096618358,NC
V,0.6811594202898551,NC
S,1.0,C
F,1.0,C
F,1.0,C
S,1.0,C
E,0.9903381642512077,C
R,0.9323671497584541,C
K,0.9951690821256038,C
Y,0.9951690821256038,C
F,0.9951690821256038,C
W,0.9854368932038835,C
-,0.0,NC
Y,0.9903381642512077,C
I,0.9758454106280193,C
L,0.821256038647343,NC
I,0.9758454106280193,C
G,0.9951690821256038,C
W,0.9951690821256038,C
G,0.9951690821256038,C
-,0.0,NC
P,0.9852941176470589,C
S,0.624390243902439,NC
-,0.0,NC
F,0.9705882352941176,C
I,0.5931372549019608,NC
-,0.0,NC
A,0.5343137254901961,NC
W,0.9802955665024631,C
T,0.6666666666666666,NC
I,0.7156862745098039,NC
-,0.0,NC
R,0.6029411764705882,NC
I,0.6206896551724138,NC
-,0.0,NC
F,0.681592039800995,NC
-,0.0,NC
D,0.8855721393034826,NC
-,0.0,NC
G,0.9851485148514851,C
C,0.9950980392156863,C
W,0.9951219512195122,C
D,0.7696078431372549,NC
-,0.0,NC
I,0.8235294117647058,NC
E,0.5147058823529411,NC
-,0.0,NC
S,0.6911764705882353,NC
-,0.0,NC
-,0.0,NC
-,0.0,NC
W,0.9804878048780488,C
W,0.9705882352941176,C
I,0.9901960784313726,C
I,0.9512195121951219,C
K,0.9121951219512195,C
-,0.0,NC
P,0.9902439024390244,C
I,0.9658536585365853,C
L,0.9512195121951219,C
-,0.0,NC
S,0.9951219512195122,C
I,0.9804878048780488,C
L,0.9563106796116505,C
V,0.7281553398058253,NC
N,0.9902439024390244,C
F,0.9804878048780488,C
I,0.8926829268292683,NC
L,0.9512195121951219,C
F,0.9951219512195122,C
I,0.9560975609756097,C
C,0.7572815533980582,NC
I,0.9902912621359223,C
I,0.9853658536585366,C
R,0.9219512195121952,C
I,0.9902439024390244,C
L,0.9951219512195122,C
V,0.5804878048780487,NC
Q,0.9512195121951219,C
K,0.9951219512195122,C
L,0.7170731707317073,NC
-,0.0,NC
-,0.0,NC
P,0.9902439024390244,C
D,0.9512195121951219,C
V,0.5073170731707317,NC
G,0.8536585365853658,NC
-,0.0,NC
N,0.6029411764705882,NC
E,0.5294117647058824,NC
S,0.7073170731707317,NC
-,0.0,NC
S,0.697560975609756,NC
Q,0.5609756097560976,NC
Y,0.9853658536585366,C
S,0.8780487804878049,NC
-,0.0,NC
R,1.0,C
L,1.0,C
A,0.9658536585365853,C
K,0.8878048780487805,NC
S,1.0,C
T,0.9902439024390244,C
L,1.0,C
L,1.0,C
L,1.0,C
I,1.0,C
P,1.0,C
L,1.0,C
F,1.0,C
G,1.0,C
-,0.0,NC
H,0.7073170731707317,NC
Y,0.751219512195122,NC
I,0.824390243902439,NC
M,0.5951219512195122,NC
F,1.0,C
A,0.9609756097560975,C
F,0.9951219512195122,C
F,0.7170731707317073,NC
P,1.0,C
-,0.0,NC
-,0.0,NC
D,0.6292682926829268,NC
N,0.7219512195121951,NC
F,0.6780487804878049,NC
K,0.9024390243902439,C
-,0.0,NC
-,0.0,NC
-,0.0,NC
-,0.0,NC
-,0.0,NC
E,0.926829268292683,C
V,0.6487804878048781,NC
K,0.7024390243902439,NC
L,0.5756097560975609,NC
V,0.8780487804878049,NC
F,0.9804878048780488,C
E,0.6878048780487804,NC
L,1.0,C
V,0.6195121951219512,NC
V,0.551219512195122,NC
G,1.0,C
S,0.9951219512195122,C
F,0.9951219512195122,C
Q,0.9951219512195122,C
G,0.9900990099009901,C
F,0.9752475247524752,C
V,0.9504950495049505,C
V,0.9702970297029703,C
A,0.9801980198019802,C
V,0.5841584158415841,NC
L,0.9900990099009901,C
Y,0.9851485148514851,C
C,0.9900990099009901,C
F,0.9900990099009901,C
L,0.9702970297029703,C
N,0.9950738916256158,C
G,0.9701492537313433,C
E,0.9900497512437811,C
V,0.9950980392156863,C
Q,0.9702970297029703,C
A,0.746268656716418,NC
E,0.9751243781094527,C
L,0.6766169154228856,NC
K,0.57,NC
R,0.9849246231155779,C
K,0.9849246231155779,C
W,0.9899497487437185,C
R,0.9798994974874372,C
R,0.9748743718592965,C
W,1.0,C
H,0.898989898989899,NC
L,0.8939393939393939,NC
-,0.0,NC
Q,0.5757575757575758,NC
-,0.0,NC
-,0.0,NC
R,0.542713567839196,NC
-,0.0,NC
L,0.7688442211055276,NC
G,0.925,C
S,0.5959595959595959,NC
D,0.6767676767676768,NC
-,0.0,NC
-,0.0,NC
-,0.0,NC
-,0.0,NC
-,0.0,NC
-,0.0,NC
-,0.0,NC
-,0.0,NC
-,0.0,NC
K,0.9797979797979798,C
-,0.0,NC
-,0.0,NC
-,0.0,NC
-,0.0,NC
-,0.0,NC
Y,0.92,C
-,0.0,NC
-,0.0,NC
-,0.0,NC
Q,0.56,NC
-,0.0,NC
-,0.0,NC
-,0.0,NC
H,0.855,NC
P,0.985,C
-,0.0,NC
-,0.0,NC
-,0.0,NC
-,0.0,NC
-,0.0,NC
-,0.0,NC
-,0.0,NC
-,0.0,NC
-,0.0,NC
-,0.0,NC
-,0.0,NC
-,0.0,NC
-,0.0,NC
-,0.0,NC
S,0.88,NC
-,0.0,NC
-,0.0,NC
-,0.0,NC
-,0.0,NC
-,0.0,NC
-,0.0,NC
-,0.0,NC
-,0.0,NC
-,0.0,NC
-,0.0,NC
-,0.0,NC
-,0.0,NC
-,0.0,NC
-,0.0,NC
-,0.0,NC
-,0.0,NC
-,0.0,NC
-,0.0,NC
-,0.0,NC
-,0.0,NC
G,0.9396984924623115,C
-,0.0,NC
-,0.0,NC
-,0.0,NC
-,0.0,NC
-,0.0,NC
-,0.0,NC
-,0.0,NC
-,0.0,NC
-,0.0,NC
S,0.964824120603015,C
-,0.0,NC
-,0.0,NC
-,0.0,NC
N,0.6834170854271356,NC
-,0.0,NC
-,0.0,NC
-,0.0,NC
-,0.0,NC
-,0.0,NC
-,0.0,NC
-,0.0,NC
-,0.0,NC
-,0.0,NC
-,0.0,NC
-,0.0,NC
G,0.8827160493827161,NC
-,0.0,NC
-,0.0,NC
-,0.0,NC
-,0.0,NC
N,0.57,NC
F,0.555,NC
S,0.945,C
-,0.0,NC
-,0.0,NC
T,0.985,C
-,0.0,NC
Q,0.9800995024875622,C
-,0.0,NC
-,0.0,NC
-,0.0,NC
-,0.0,NC
I,0.5572139303482587,NC
S,0.7910447761194029,NC
M,0.900497512437811,C
L,0.9601990049751243,C
-,0.0,NC
T,0.9253731343283582,C
R,0.6965174129353234,NC
-,0.0,NC
C,0.5174129353233831,NC
S,0.9702970297029703,C
-,0.0,NC
P,0.9801980198019802,C
K,0.5495049504950495,NC
-,0.0,NC
-,0.0,NC
-,0.0,NC
-,0.0,NC
T,0.5099009900990099,NC
-,0.0,NC
-,0.0,NC
-,0.0,NC
-,0.0,NC
-,0.0,NC
-,0.0,NC
-,0.0,NC
-,0.0,NC
-,0.0,NC
-,0.0,NC
-,0.0,NC
-,0.0,NC
R,0.85,NC
-,0.0,NC
-,0.0,NC
-,0.0,NC
-,0.0,NC
-,0.0,NC
R,0.9702970297029703,C
S,0.6305418719211823,NC
S,0.9211822660098522,C
-,0.0,NC
-,0.0,NC
-,0.0,NC
-,0.0,NC
-,0.0,NC
-,0.0,NC
-,0.0,NC
-,0.0,NC
-,0.0,NC
-,0.0,NC
-,0.0,NC
-,0.0,NC
-,0.0,NC
S,0.7524752475247525,NC
F,0.6683168316831684,NC
Q,0.7425742574257426,NC
-,0.0,NC
-,0.0,NC
-,0.0,NC
-,0.0,NC
-,0.0,NC
-,0.0,NC
A,0.6732673267326733,NC
E,0.6716417910447762,NC
-,0.0,NC
-,0.0,NC
-,0.0,NC
-,0.0,NC
S,0.94,C
L,0.655,NC
V,0.6683417085427136,NC
-,0.0,NC
